soil_moisture,temperature,air_humidity,wind_speed,time_of_day,water_given_ml,water_needed,heat_index,is_dry,rain_next_hour_1,time_group_Morning,time_group_Afternoon,time_group_Evening,time_group_Late Night
0.414,0.172,0.318051575931232,0.925,21,0.0,0,0.245025787965616,0,1,0,0,1,0
0.812,0.32,0.7063037249283667,0.965,23,0.0,0,0.5131518624641833,0,0,0,0,0,1
0.538,0.156,0.9326647564469912,0.205,16,100.7,1,0.5443323782234957,0,0,0,1,0,0
0.2139999999999999,0.288,0.7693409742120341,0.1149999999999999,2,0.0,0,0.528670487106017,1,1,0,0,0,0
0.2,0.14,0.312320916905444,0.255,18,121.0,1,0.226160458452722,1,0,0,0,1,0
0.316,0.304,0.4584527220630371,0.095,18,146.1,1,0.3812263610315186,0,0,0,0,1,0
0.722,0.3279999999999999,0.7263610315186244,0.175,2,0.0,0,0.5271805157593121,0,1,0,0,0,0
0.8260000000000001,0.872,0.1246418338108882,0.645,6,0.0,0,0.4983209169054441,0,0,1,0,0,0
0.782,0.236,0.3868194842406875,0.25,6,0.0,0,0.3114097421203438,0,0,1,0,0,0
0.914,0.3440000000000001,0.9197707736389682,0.16,5,0.0,0,0.6318853868194841,0,0,0,0,0,0
0.72,0.1959999999999999,0.7492836676217765,0.58,19,0.0,0,0.4726418338108882,0,1,0,0,1,0
0.6659999999999999,0.3359999999999999,0.6346704871060171,0.455,14,0.0,0,0.4853352435530085,0,1,0,1,0,0
0.3959999999999999,0.628,0.0028653295128939,0.7000000000000001,9,0.0,0,0.315432664756447,0,1,1,0,0,0
0.458,0.212,0.2449856733524354,0.525,6,0.0,0,0.2284928366762177,0,1,1,0,0,0
0.8420000000000001,0.912,0.1303724928366761,0.445,23,0.0,0,0.5211862464183381,0,0,0,0,0,1
0.338,0.7319999999999999,0.4126074498567333,0.05,7,0.0,0,0.5723037249283667,0,1,1,0,0,0
0.07,0.12,0.4999999999999999,0.1149999999999999,15,0.0,0,0.3099999999999999,1,1,0,1,0,0
0.6599999999999999,0.24,0.3510028653295128,0.265,7,0.0,0,0.2955014326647564,0,1,1,0,0,0
0.5940000000000001,0.896,0.0916905444126073,0.31,21,57.4,1,0.4938452722063037,0,0,0,0,1,0
0.1539999999999999,0.348,0.5773638968481374,0.875,14,0.0,0,0.4626819484240687,1,1,0,1,0,0
0.1579999999999999,0.416,0.2535816618911173,0.7450000000000001,5,94.5,1,0.3347908309455586,1,0,0,0,0,0
0.698,0.7200000000000001,0.7722063037249283,0.485,12,0.0,0,0.7461031518624641,0,0,0,1,0,0
0.992,0.92,0.8567335243553007,0.325,20,0.0,0,0.8883667621776503,0,1,0,0,1,0
0.5780000000000001,0.672,0.2636103151862463,0.8050000000000002,0,0.0,0,0.4678051575931232,0,1,0,0,0,0
0.538,0.5000000000000001,0.5702005730659024,0.6950000000000001,1,53.3,1,0.5351002865329513,0,0,0,0,0,0
0.6059999999999999,0.3920000000000001,0.7478510028653294,0.8500000000000001,1,0.0,0,0.5699255014326647,0,0,0,0,0,0
0.36,0.7959999999999999,0.8911174785100284,0.36,4,230.1,1,0.8435587392550141,0,0,0,0,0,0
0.9340000000000002,0.628,0.965616045845272,0.125,11,0.0,0,0.796808022922636,0,0,1,0,0,0
0.45,0.5279999999999999,0.5329512893982806,0.68,16,0.0,0,0.5304756446991403,0,1,0,1,0,0
0.546,0.7880000000000001,0.7063037249283667,0.255,11,0.0,0,0.7471518624641834,0,1,1,0,0,0
0.552,0.4800000000000001,0.3911174785100285,0.425,12,93.4,1,0.4355587392550143,0,0,0,1,0,0
0.6340000000000001,0.92,0.8295128939828078,0.6000000000000001,9,0.0,0,0.874756446991404,0,1,1,0,0,0
0.0179999999999999,0.5640000000000002,0.636103151862464,0.495,2,95.9,1,0.6000515759312322,1,0,0,0,0,0
0.6499999999999999,0.068,0.989971346704871,0.16,19,0.0,0,0.5289856733524355,0,0,0,0,1,0
0.462,0.444,0.3767908309455586,0.09,10,101.6,1,0.4103954154727793,0,0,1,0,0,0
0.8840000000000001,0.9080000000000004,0.2593123209169053,0.175,21,0.0,0,0.5836561604584528,0,1,0,0,1,0
0.482,0.092,0.3796561604584526,0.055,19,61.3,1,0.2358280802292263,0,0,0,0,1,0
0.436,0.5080000000000001,0.7507163323782233,0.525,23,50.7,1,0.6293581661891117,0,0,0,0,0,1
0.702,0.6960000000000001,0.4269340974212033,0.42,2,0.0,0,0.5614670487106017,0,0,0,0,0,0
0.412,0.028,0.934097421203438,0.655,17,79.9,1,0.481048710601719,0,0,0,1,0,0
0.724,0.168,0.0386819484240687,0.21,22,0.0,0,0.1033409742120343,0,0,0,0,0,1
0.8620000000000001,0.152,0.1676217765042979,0.075,9,0.0,0,0.1598108882521489,0,0,1,0,0,0
0.8720000000000001,0.948,0.962750716332378,0.01,19,0.0,0,0.955375358166189,0,1,0,0,1,0
0.6379999999999999,0.272,0.0573065902578796,0.1,14,0.0,0,0.1646532951289398,0,0,0,1,0,0
0.3639999999999999,0.5840000000000002,0.8108882521489971,0.19,13,0.0,0,0.6974441260744986,0,1,0,1,0,0
0.366,0.452,0.2492836676217764,0.96,1,53.0,1,0.3506418338108882,0,0,0,0,0,0
0.238,0.8080000000000002,0.0530085959885386,0.22,19,0.0,0,0.4305042979942693,1,1,0,0,1,0
0.798,0.684,0.6060171919770772,0.17,18,0.0,0,0.6450085959885385,0,1,0,0,1,0
0.738,0.5840000000000002,0.9971346704871058,0.165,10,0.0,0,0.7905673352435529,0,1,1,0,0,0
0.1979999999999999,0.588,0.7535816618911173,0.375,9,122.1,1,0.6707908309455586,1,0,1,0,0,0
0.0999999999999999,0.3840000000000001,0.9426934097421202,0.51,12,127.8,1,0.6633467048710602,1,0,0,1,0,0
0.802,0.592,0.5873925501432664,0.04,1,0.0,0,0.5896962750716332,0,1,0,0,0,0
0.5660000000000001,0.04,0.5057306590257878,0.19,13,0.0,0,0.2728653295128939,0,1,0,1,0,0
0.8680000000000001,0.004,0.4383954154727792,0.55,9,0.0,0,0.2211977077363896,0,1,1,0,0,0
0.1639999999999999,0.1320000000000001,0.1876790830945558,0.75,11,55.4,1,0.1598395415472779,1,0,1,0,0,0
0.742,0.6,0.6117478510028651,0.945,1,0.0,0,0.6058739255014325,0,1,0,0,0,0
0.1879999999999999,0.18,0.0988538681948423,0.085,0,0.0,0,0.1394269340974212,1,1,0,0,0,0
0.458,0.3440000000000001,0.952722063037249,0.625,20,147.5,1,0.6483610315186246,0,0,0,0,1,0
0.742,0.9519999999999998,0.5587392550143265,0.8500000000000001,16,0.0,0,0.7553696275071632,0,0,0,1,0,0
0.96,0.836,0.6833810888252148,0.4,2,0.0,0,0.7596905444126074,0,0,0,0,0,0
0.9200000000000002,0.968,0.0315186246418338,0.005,6,0.0,0,0.4997593123209169,0,0,1,0,0,0
0.938,0.1320000000000001,0.7077363896848136,0.405,6,0.0,0,0.4198681948424068,0,0,1,0,0,0
0.312,0.148,0.1232091690544411,0.36,10,53.8,1,0.1356045845272206,0,0,1,0,0,0
0.0899999999999999,0.44,0.0702005730659025,0.13,14,109.7,1,0.2551002865329513,1,0,0,1,0,0
0.0019999999999999,0.012,0.7621776504297992,0.8150000000000001,11,137.9,1,0.3870888252148996,1,0,1,0,0,0
0.746,0.8680000000000002,0.7521489971346702,0.365,22,0.0,0,0.8100744985673352,0,1,0,0,0,1
0.744,0.9,0.640401146131805,0.255,5,0.0,0,0.7702005730659025,0,0,0,0,0,0
0.418,0.852,0.1088825214899713,0.635,18,137.9,1,0.4804412607449856,0,0,0,0,1,0
0.732,0.936,0.0716332378223495,0.285,13,0.0,0,0.5038166189111748,0,1,0,1,0,0
0.3779999999999999,0.68,0.5487106017191976,0.19,20,206.4,1,0.6143553008595988,0,0,0,0,1,0
0.9440000000000002,0.128,0.5358166189111746,0.555,14,0.0,0,0.3319083094555873,0,0,0,1,0,0
0.036,0.6040000000000002,0.2277936962750715,0.09,19,0.0,0,0.4158968481375358,1,1,0,0,1,0
0.8180000000000001,0.2840000000000001,0.5229226361031517,0.785,5,0.0,0,0.4034613180515759,0,0,0,0,0,0
0.8300000000000001,0.192,0.2936962750716332,0.545,7,0.0,0,0.2428481375358166,0,1,1,0,0,0
0.458,0.3,0.151862464183381,0.63,13,0.0,0,0.2259312320916905,0,1,0,1,0,0
0.068,0.5120000000000001,0.3753581661891115,0.5750000000000001,21,0.0,0,0.4436790830945558,1,1,0,0,1,0
0.32,0.128,0.8338108882521487,0.8,13,50.9,1,0.4809054441260743,0,0,0,1,0,0
0.536,0.5159999999999999,0.2736389684813753,0.835,17,0.0,0,0.3948194842406876,0,1,0,1,0,0
0.8959999999999999,0.8640000000000002,0.0472779369627506,0.6000000000000001,16,0.0,0,0.4556389684813754,0,0,0,1,0,0
0.484,0.7040000000000001,0.962750716332378,0.92,2,0.0,0,0.8333753581661891,0,1,0,0,0,0
0.1439999999999999,0.2320000000000001,0.7048710601719196,0.445,20,0.0,0,0.4684355300859598,1,1,0,0,1,0
0.74,0.268,0.6346704871060171,0.685,18,0.0,0,0.4513352435530086,0,1,0,0,1,0
0.558,0.9,0.5830945558739253,0.33,6,0.0,0,0.7415472779369627,0,1,1,0,0,0
0.4659999999999999,0.872,0.5143266475644698,0.03,6,89.3,1,0.6931633237822349,0,0,1,0,0,0
0.5800000000000001,0.36,0.6217765042979941,0.65,2,0.0,0,0.490888252148997,0,1,0,0,0,0
0.1599999999999999,0.968,0.800859598853868,0.49,2,175.8,1,0.8844297994269341,1,0,0,0,0,0
0.0579999999999999,0.5040000000000001,0.478510028653295,0.02,21,0.0,0,0.4912550143266476,1,1,0,0,1,0
0.794,0.02,0.0787965616045844,0.79,17,0.0,0,0.0493982808022922,0,0,0,1,0,0
0.1099999999999999,0.136,0.8982808022922635,0.8400000000000001,12,0.0,0,0.5171404011461318,1,1,0,1,0,0
0.372,0.7519999999999999,0.9140401146131804,0.54,9,277.6,1,0.8330200573065902,0,0,1,0,0,0
0.318,0.1759999999999999,0.7521489971346702,0.515,2,56.7,1,0.464074498567335,0,0,0,0,0,0
0.482,0.368,0.2134670487106016,0.555,10,0.0,0,0.2907335243553008,0,1,1,0,0,0
0.376,0.1640000000000001,0.1275071633237822,0.345,6,56.8,1,0.1457535816618911,0,0,1,0,0,0
0.3479999999999999,0.42,0.5759312320916904,0.5950000000000001,7,133.1,1,0.4979656160458452,0,0,1,0,0,0
0.1539999999999999,0.356,0.4770773638968479,0.22,10,0.0,0,0.4165386819484239,1,1,1,0,0,0
0.55,0.276,0.475644699140401,0.49,22,61.2,1,0.3758223495702005,0,0,0,0,0,1
0.724,0.18,0.1905444126074497,0.45,13,0.0,0,0.1852722063037249,0,1,0,1,0,0
0.1599999999999999,0.028,0.9255014326647564,0.25,5,0.0,0,0.4767507163323782,1,1,0,0,0,0
0.998,0.444,0.0272206303724927,0.91,21,0.0,0,0.2356103151862464,0,1,0,0,1,0
0.32,0.272,0.1418338108882521,0.41,9,0.0,0,0.206916905444126,0,1,1,0,0,0
0.5900000000000001,0.12,0.160458452722063,0.985,6,0.0,0,0.1402292263610315,0,1,1,0,0,0
0.262,0.7919999999999999,0.8237822349570199,0.215,19,0.0,0,0.80789111747851,1,1,0,0,1,0
0.246,0.7959999999999999,0.0042979942693409,0.8250000000000001,5,0.0,0,0.4001489971346704,1,1,0,0,0,0
0.4859999999999999,0.6040000000000002,0.7163323782234954,0.52,12,0.0,0,0.6601661891117478,0,1,0,1,0,0
0.166,0.388,0.9126074498567334,0.6200000000000001,4,0.0,0,0.6503037249283667,1,1,0,0,0,0
0.8480000000000001,0.156,0.5128939828080228,0.26,1,0.0,0,0.3344469914040114,0,0,0,0,0,0
0.1579999999999999,0.7200000000000001,0.7722063037249283,0.515,23,261.0,1,0.7461031518624641,1,0,0,0,0,1
0.038,0.272,0.9111747851002864,0.955,23,0.0,0,0.5915873925501431,1,1,0,0,0,1
0.796,0.904,0.7277936962750715,0.605,7,0.0,0,0.8158968481375357,0,1,1,0,0,0
0.8680000000000001,0.5520000000000002,0.0501432664756446,0.075,0,0.0,0,0.3010716332378224,0,1,0,0,0,0
0.43,0.1759999999999999,0.0114613180515758,0.005,17,122.9,1,0.0937306590257879,0,0,0,1,0,0
0.196,0.924,0.151862464183381,0.2299999999999999,6,190.9,1,0.5379312320916905,1,0,1,0,0,0
0.9440000000000002,0.5359999999999999,0.0816618911174784,0.655,9,0.0,0,0.3088309455587392,0,1,1,0,0,0
0.36,0.876,0.5558739255014326,0.6950000000000001,12,0.0,0,0.7159369627507163,0,1,0,1,0,0
0.74,0.7319999999999999,0.475644699140401,0.08,15,0.0,0,0.6038223495702004,0,0,0,1,0,0
0.752,0.7719999999999999,0.3911174785100285,0.355,2,0.0,0,0.5815587392550142,0,0,0,0,0,0
0.37,0.968,0.8567335243553007,0.7650000000000001,1,0.0,0,0.9123667621776504,0,1,0,0,0,0
0.988,0.4800000000000001,0.5544412607449855,0.81,10,0.0,0,0.5172206303724928,0,1,1,0,0,0
0.332,0.016,0.8882521489971344,0.1,14,0.0,0,0.4521260744985672,0,1,0,1,0,0
0.6719999999999999,0.64,0.4226361031518624,0.675,8,0.0,0,0.5313180515759313,0,0,1,0,0,0
0.48,0.932,0.0816618911174784,0.25,16,106.7,1,0.5068309455587392,0,0,0,1,0,0
0.6459999999999999,0.396,0.2865329512893982,0.4599999999999999,19,0.0,0,0.3412664756446991,0,0,0,0,1,0
0.6279999999999999,0.272,0.7335243553008595,0.16,17,0.0,0,0.5027621776504297,0,0,0,1,0,0
0.41,0.3359999999999999,0.7793696275071631,0.52,3,69.1,1,0.5576848137535815,0,0,0,0,0,0
0.8200000000000001,0.856,0.8567335243553007,0.36,2,0.0,0,0.8563667621776503,0,0,0,0,0,0
0.194,0.348,0.7449856733524354,0.315,10,0.0,0,0.5464928366762176,1,1,1,0,0,0
0.692,0.428,0.982808022922636,0.33,13,0.0,0,0.705404011461318,0,0,0,1,0,0
0.422,0.7519999999999999,0.954154727793696,0.71,5,71.7,1,0.8530773638968481,0,0,0,0,0,0
0.8880000000000001,0.2,0.7994269340974212,0.1149999999999999,12,0.0,0,0.4997134670487106,0,1,0,1,0,0
0.2779999999999999,0.3640000000000001,0.0501432664756446,0.42,23,0.0,0,0.2070716332378223,1,1,0,0,0,1
0.352,0.0759999999999999,0.2034383954154726,0.78,9,0.0,0,0.1397191977077363,0,1,1,0,0,0
0.9320000000000002,0.592,0.955587392550143,0.26,4,0.0,0,0.7737936962750716,0,0,0,0,0,0
0.762,0.5120000000000001,0.6991404011461317,0.835,21,0.0,0,0.6055702005730659,0,0,0,0,1,0
0.434,0.0759999999999999,0.3954154727793696,0.645,17,82.1,1,0.2357077363896847,0,0,0,1,0,0
0.4659999999999999,0.7360000000000001,0.7793696275071631,0.7650000000000001,7,0.0,0,0.7576848137535817,0,1,1,0,0,0
0.6840000000000002,0.8280000000000002,0.2020057306590257,0.19,1,0.0,0,0.515002865329513,0,0,0,0,0,0
0.8560000000000001,0.4959999999999999,0.1232091690544411,0.4650000000000001,19,0.0,0,0.3096045845272205,0,1,0,0,1,0
0.314,0.836,0.5057306590257878,0.18,19,243.5,1,0.6708653295128939,0,0,0,0,1,0
0.9500000000000002,0.2959999999999999,0.0716332378223495,0.875,6,0.0,0,0.1838166189111747,0,1,1,0,0,0
0.2739999999999999,0.156,0.979942693409742,0.065,7,62.4,1,0.567971346704871,1,0,1,0,0,0
0.948,0.7160000000000001,0.0243553008595988,0.3,10,0.0,0,0.3701776504297994,0,1,1,0,0,0
0.732,0.64,0.2521489971346704,0.45,19,0.0,0,0.4460744985673352,0,0,0,0,1,0
0.6819999999999999,0.048,0.2521489971346704,0.37,21,0.0,0,0.1500744985673352,0,0,0,0,1,0
0.6859999999999999,0.592,0.8767908309455585,0.6950000000000001,14,0.0,0,0.7343954154727792,0,0,0,1,0,0
0.8320000000000001,0.004,0.0,0.24,21,0.0,0,0.002,0,1,0,0,1,0
0.8680000000000001,0.7559999999999999,0.9441260744985672,0.055,9,0.0,0,0.8500630372492834,0,1,1,0,0,0
0.8720000000000001,0.0959999999999999,0.0759312320916905,0.8900000000000001,19,0.0,0,0.0859656160458452,0,1,0,0,1,0
0.49,0.04,0.7378223495702003,0.8800000000000001,3,133.9,1,0.3889111747851002,0,0,0,0,0,0
0.6320000000000001,0.7119999999999999,0.468481375358166,0.96,18,0.0,0,0.5902406876790829,0,0,0,0,1,0
0.216,0.448,0.3237822349570199,0.78,10,0.0,0,0.38589111747851,1,1,1,0,0,0
0.354,0.028,0.5744985673352434,0.2299999999999999,17,97.9,1,0.3012492836676217,0,0,0,1,0,0
0.006,0.7040000000000001,0.1590257879656159,0.4650000000000001,19,0.0,0,0.431512893982808,1,1,0,0,1,0
0.1979999999999999,0.356,0.6905444126074497,0.95,4,52.1,1,0.5232722063037248,1,0,0,0,0,0
0.0179999999999999,0.5440000000000002,0.7148997134670485,0.155,8,0.0,0,0.6294498567335243,1,1,1,0,0,0
0.6059999999999999,0.32,0.297994269340974,0.6200000000000001,10,0.0,0,0.308997134670487,0,0,1,0,0,0
0.3779999999999999,0.2079999999999999,0.8853868194842405,0.48,0,112.5,1,0.5466934097421202,0,0,0,0,0,0
0.412,0.9,0.6747851002865328,0.4,5,0.0,0,0.7873925501432664,0,1,0,0,0,0
0.8260000000000001,0.8680000000000002,0.6103151862464182,0.055,9,0.0,0,0.7391575931232093,0,1,1,0,0,0
0.702,0.1120000000000001,0.2005730659025787,0.1149999999999999,8,0.0,0,0.1562865329512894,0,0,1,0,0,0
0.554,0.036,0.5501432664756446,0.45,11,0.0,0,0.2930716332378223,0,1,1,0,0,0
0.5880000000000001,0.668,0.5401146131805156,0.675,22,91.6,1,0.6040573065902578,0,0,0,0,0,1
0.06,0.644,0.6762177650429797,0.15,6,0.0,0,0.6601088825214898,1,1,1,0,0,0
0.3939999999999999,0.348,0.8194842406876788,0.54,3,0.0,0,0.5837421203438393,0,1,0,0,0,0
0.914,0.3,0.5673352435530085,0.775,2,0.0,0,0.4336676217765042,0,0,0,0,0,0
0.8720000000000001,0.948,0.1919770773638968,0.12,10,0.0,0,0.5699885386819484,0,1,1,0,0,0
0.8560000000000001,0.992,0.7822349570200571,0.91,15,0.0,0,0.8871174785100284,0,1,0,1,0,0
0.066,0.8000000000000002,0.5730659025787964,0.265,14,212.9,1,0.6865329512893983,1,0,0,1,0,0
0.6940000000000002,0.7640000000000001,0.3882521489971345,0.515,0,0.0,0,0.5761260744985673,0,0,0,0,0,0
0.78,0.608,0.7392550143266474,0.965,13,0.0,0,0.6736275071633238,0,1,0,1,0,0
0.6359999999999999,0.452,0.2507163323782234,0.6200000000000001,2,0.0,0,0.3513581661891117,0,1,0,0,0,0
0.8380000000000001,0.104,0.2650429799426933,0.545,16,0.0,0,0.1845214899713467,0,0,0,1,0,0
0.8920000000000001,0.6040000000000002,0.4083094555873925,0.8050000000000002,1,0.0,0,0.5061547277936964,0,1,0,0,0,0
0.812,0.024,0.8911174785100284,0.0349999999999999,6,0.0,0,0.4575587392550142,0,1,1,0,0,0
0.41,0.14,0.7578796561604584,0.47,8,90.8,1,0.4489398280802292,0,0,1,0,0,0
0.558,0.356,0.296561604584527,0.195,6,85.3,1,0.3262808022922635,0,0,1,0,0,0
0.766,0.1120000000000001,0.8868194842406876,0.6150000000000001,22,0.0,0,0.4994097421203438,0,0,0,0,0,1
0.036,0.3640000000000001,0.5487106017191976,0.395,3,137.7,1,0.4563553008595988,1,0,0,0,0,0
0.5680000000000001,0.7200000000000001,0.4727793696275071,0.79,13,0.0,0,0.5963896848137535,0,1,0,1,0,0
0.4459999999999999,0.092,0.1260744985673351,0.34,5,0.0,0,0.1090372492836676,0,1,0,0,0,0
0.6599999999999999,0.0959999999999999,0.9183381088825212,0.9,5,0.0,0,0.5071690544412606,0,1,0,0,0,0
0.072,0.648,0.4383954154727792,0.09,20,230.7,1,0.5431977077363896,1,0,0,0,1,0
0.1079999999999999,0.2640000000000001,0.3954154727793696,0.97,13,0.0,0,0.3297077363896848,1,1,0,1,0,0
0.504,0.2,0.2120343839541546,0.175,13,0.0,0,0.2060171919770773,0,1,0,1,0,0
0.444,0.388,0.4426934097421202,0.0699999999999999,4,0.0,0,0.4153467048710601,0,1,0,0,0,0
0.6579999999999999,0.156,0.8896848137535815,0.085,15,0.0,0,0.5228424068767907,0,1,0,1,0,0
0.48,0.092,0.8954154727793693,0.17,18,0.0,0,0.4937077363896847,0,1,0,0,1,0
0.6059999999999999,0.876,0.5544412607449855,0.8150000000000001,1,0.0,0,0.7152206303724927,0,1,0,0,0,0
0.0139999999999999,0.436,0.6060171919770772,0.025,10,91.8,1,0.5210085959885387,1,0,1,0,0,0
0.42,0.4640000000000001,0.148997134670487,0.6150000000000001,12,0.0,0,0.3064985673352435,0,1,0,1,0,0
0.8540000000000001,0.5200000000000001,0.5687679083094554,0.885,17,0.0,0,0.5443839541547277,0,1,0,1,0,0
0.442,0.308,0.5214899713467047,0.4650000000000001,23,0.0,0,0.4147449856733524,0,1,0,0,0,1
0.048,0.0,0.825214899713467,0.945,19,0.0,0,0.4126074498567335,1,1,0,0,1,0
0.6000000000000001,0.916,0.646131805157593,0.125,13,0.0,0,0.7810659025787965,0,1,0,1,0,0
0.6379999999999999,0.4680000000000001,0.3724928366762177,0.585,3,0.0,0,0.4202464183381089,0,1,0,0,0,0
0.298,0.992,0.8610315186246418,0.885,23,232.8,1,0.9265157593123208,1,0,0,0,0,1
0.0279999999999999,0.912,0.5573065902578795,0.6400000000000001,1,192.5,1,0.7346532951289397,1,0,0,0,0,0
0.6159999999999999,0.676,0.2277936962750715,0.49,15,0.0,0,0.4518968481375358,0,0,0,1,0,0
0.766,0.3320000000000001,0.4011461318051574,0.34,18,0.0,0,0.3665730659025787,0,1,0,0,1,0
0.122,0.984,0.4283667621776503,0.5950000000000001,3,0.0,0,0.7061833810888252,1,1,0,0,0,0
0.9320000000000002,0.18,0.5744985673352434,0.6900000000000001,10,0.0,0,0.3772492836676217,0,0,1,0,0,0
0.3839999999999999,0.356,0.1103151862464182,0.155,17,0.0,0,0.2331575931232091,0,1,0,1,0,0
0.296,0.8040000000000002,0.3108882521489969,0.425,10,0.0,0,0.5574441260744986,1,1,1,0,0,0
0.708,0.7840000000000001,0.3839541547277936,0.13,5,0.0,0,0.5839770773638968,0,1,0,0,0,0
0.3899999999999999,0.988,0.3467048710601718,0.43,8,179.7,1,0.6673524355300859,0,0,1,0,0,0
0.072,0.892,0.487106017191977,0.445,9,0.0,0,0.6895530085959884,1,1,1,0,0,0
0.254,0.8480000000000002,0.6733524355300857,0.47,9,0.0,0,0.760676217765043,1,1,1,0,0,0
0.6540000000000001,0.924,0.8667621776504295,0.19,9,0.0,0,0.8953810888252147,0,0,1,0,0,0
0.464,0.276,0.2320916905444124,0.915,17,97.0,1,0.2540458452722062,0,0,0,1,0,0
0.8840000000000001,0.7559999999999999,0.1991404011461317,0.44,3,0.0,0,0.4775702005730658,0,1,0,0,0,0
0.356,0.876,0.1819484240687678,0.255,8,295.5,1,0.5289742120343839,0,0,1,0,0,0
0.9940000000000002,0.7240000000000001,0.0243553008595988,0.67,1,0.0,0,0.3741776504297994,0,1,0,0,0,0
0.32,0.304,0.9813753581661888,0.61,22,57.9,1,0.6426876790830944,0,0,0,0,0,1
0.6819999999999999,0.128,0.3395415472779368,0.625,6,0.0,0,0.2337707736389684,0,0,1,0,0,0
0.9640000000000002,0.456,0.9040114613180514,0.925,11,0.0,0,0.6800057306590257,0,1,1,0,0,0
0.6540000000000001,0.592,0.9670487106017188,0.8900000000000001,2,0.0,0,0.7795243553008595,0,1,0,0,0,0
0.08,0.612,0.7979942693409741,0.065,5,0.0,0,0.7049971346704871,1,1,0,0,0,0
0.5959999999999999,0.272,0.2020057306590257,0.975,23,53.7,1,0.2370028653295129,0,0,0,0,0,1
0.8140000000000001,0.956,0.5530085959885386,0.775,18,0.0,0,0.7545042979942693,0,0,0,0,1,0
0.484,0.8680000000000002,0.9699140401146128,0.8900000000000001,22,0.0,0,0.9189570200573064,0,1,0,0,0,1
0.41,0.412,0.1690544412607449,0.605,1,0.0,0,0.2905272206303725,0,1,0,0,0,0
0.8,0.86,0.2650429799426933,0.8650000000000001,11,0.0,0,0.5625214899713467,0,1,1,0,0,0
0.0539999999999999,0.636,0.6518624641833809,0.77,8,182.6,1,0.6439312320916905,1,0,1,0,0,0
0.1479999999999999,0.7000000000000001,0.6117478510028651,0.2299999999999999,16,0.0,0,0.6558739255014325,1,1,0,1,0,0
0.136,0.5320000000000001,0.1590257879656159,0.92,20,0.0,0,0.345512893982808,1,1,0,0,1,0
0.35,0.1,0.7020057306590255,0.965,13,105.8,1,0.4010028653295128,0,0,0,1,0,0
0.6759999999999999,0.032,0.6375358166189109,0.77,8,0.0,0,0.3347679083094554,0,1,1,0,0,0
0.428,0.624,0.7234957020057304,0.32,22,0.0,0,0.6737478510028652,0,1,0,0,0,1
0.438,0.14,0.7636103151862463,0.6000000000000001,1,106.7,1,0.4518051575931232,0,0,0,0,0,0
0.232,0.5120000000000001,0.6103151862464182,0.5950000000000001,0,105.5,1,0.5611575931232091,1,0,0,0,0,0
0.6819999999999999,0.26,0.8510028653295127,0.8300000000000001,13,0.0,0,0.5555014326647564,0,1,0,1,0,0
0.176,0.7519999999999999,0.0630372492836675,0.11,1,0.0,0,0.4075186246418337,1,1,0,0,0,0
0.4059999999999999,0.044,0.0157593123209168,0.1149999999999999,8,0.0,0,0.0298796561604584,0,1,1,0,0,0
0.8500000000000001,0.924,0.636103151862464,0.7200000000000001,18,0.0,0,0.7800515759312321,0,1,0,0,1,0
0.6399999999999999,0.5479999999999999,0.6174785100286532,0.535,22,0.0,0,0.5827392550143266,0,1,0,0,0,1
0.136,0.6919999999999998,0.2335243553008594,0.45,0,251.1,1,0.4627621776504296,1,0,0,0,0,0
0.8460000000000001,0.648,0.4240687679083094,0.5900000000000001,12,0.0,0,0.5360343839541547,0,0,0,1,0,0
0.9640000000000002,0.444,0.6590257879656158,0.505,3,0.0,0,0.551512893982808,0,1,0,0,0,0
0.216,0.568,0.825214899713467,0.58,6,95.5,1,0.6966074498567334,1,0,1,0,0,0
0.1879999999999999,0.832,0.146131805157593,0.845,21,256.5,1,0.4890659025787965,1,0,0,0,1,0
0.516,0.7880000000000001,0.5630372492836675,0.2299999999999999,9,0.0,0,0.6755186246418339,0,1,1,0,0,0
0.276,0.8640000000000002,0.9942693409742118,0.375,7,0.0,0,0.929134670487106,1,1,1,0,0,0
0.9200000000000002,0.656,0.2392550143266474,0.045,5,0.0,0,0.4476275071633237,0,1,0,0,0,0
0.068,0.872,0.160458452722063,0.6150000000000001,23,180.2,1,0.5162292263610315,1,0,0,0,0,1
0.238,0.652,0.790830945558739,0.975,15,0.0,0,0.7214154727793696,1,1,0,1,0,0
0.13,0.2279999999999999,0.945558739255014,0.925,3,95.3,1,0.586779369627507,1,0,0,0,0,0
0.166,0.6040000000000002,0.1217765042979942,0.585,5,0.0,0,0.3628882521489972,1,1,0,0,0,0
0.5720000000000001,0.3400000000000001,0.8739255014326646,0.075,1,0.0,0,0.6069627507163323,0,1,0,0,0,0
0.5959999999999999,0.188,0.8724928366762175,0.35,14,0.0,0,0.5302464183381088,0,1,0,1,0,0
0.734,0.7519999999999999,0.0544412607449856,0.175,15,0.0,0,0.4032206303724928,0,1,0,1,0,0
0.906,0.7400000000000001,0.7965616045845272,0.96,2,0.0,0,0.7682808022922636,0,1,0,0,0,0
0.186,0.02,0.9914040114613178,0.29,11,138.1,1,0.5057020057306589,1,0,1,0,0,0
0.006,0.292,0.9999999999999998,0.8,15,110.0,1,0.6459999999999999,1,0,0,1,0,0
0.8680000000000001,0.676,0.8853868194842405,0.235,13,0.0,0,0.7806934097421203,0,0,0,1,0,0
0.9400000000000002,0.5400000000000001,0.4183381088825213,0.82,7,0.0,0,0.4791690544412607,0,0,1,0,0,0
0.8380000000000001,0.348,0.803724928366762,0.165,14,0.0,0,0.5758624641833809,0,0,0,1,0,0
0.444,0.36,0.4971346704871058,0.065,23,0.0,0,0.4285673352435529,0,1,0,0,0,1
0.142,0.916,0.9011461318051576,0.05,15,0.0,0,0.9085730659025788,1,1,0,1,0,0
0.2639999999999999,0.424,0.5114613180515758,0.0349999999999999,5,149.9,1,0.4677306590257879,1,0,0,0,0,0
0.8860000000000001,0.816,0.9083094555873924,0.68,4,0.0,0,0.8621547277936961,0,1,0,0,0,0
0.762,0.428,0.2793696275071632,0.08,18,0.0,0,0.3536848137535816,0,1,0,0,1,0
0.6579999999999999,0.008,0.0186246418338108,0.94,16,0.0,0,0.0133123209169054,0,1,0,1,0,0
0.146,0.212,0.0429799426934097,0.5599999999999999,0,62.6,1,0.1274899713467049,1,0,0,0,0,0
0.534,0.992,0.8681948424068766,0.445,23,0.0,0,0.9300974212034384,0,1,0,0,0,1
0.552,0.5279999999999999,0.965616045845272,0.7400000000000001,12,0.0,0,0.7468080229226359,0,1,0,1,0,0
0.266,0.7759999999999999,0.1762177650429798,0.8650000000000001,9,0.0,0,0.4761088825214898,1,1,1,0,0,0
0.5740000000000001,0.5120000000000001,0.1848137535816618,0.86,15,0.0,0,0.3484068767908309,0,1,0,1,0,0
0.6120000000000001,0.248,0.8767908309455585,0.95,9,0.0,0,0.5623954154727793,0,0,1,0,0,0
0.722,0.58,0.8595988538681947,0.8500000000000001,15,0.0,0,0.7197994269340973,0,1,0,1,0,0
0.6659999999999999,0.832,0.4040114613180514,0.8650000000000001,9,0.0,0,0.6180057306590256,0,1,1,0,0,0
0.048,0.6960000000000001,0.6518624641833809,0.235,10,0.0,0,0.6739312320916905,1,1,1,0,0,0
0.4759999999999999,0.984,0.1790830945558739,0.17,15,0.0,0,0.581541547277937,0,1,0,1,0,0
0.8600000000000001,0.7719999999999999,0.0243553008595988,0.635,3,0.0,0,0.3981776504297993,0,0,0,0,0,0
0.5920000000000001,0.152,0.8911174785100284,0.87,9,0.0,0,0.5215587392550143,0,1,1,0,0,0
0.424,0.916,0.3624641833810886,0.325,17,64.8,1,0.6392320916905443,0,0,0,1,0,0
0.4759999999999999,0.944,0.8438395415472777,0.4599999999999999,10,121.7,1,0.8939197707736388,0,0,1,0,0,0
0.0939999999999999,0.8440000000000002,0.1174785100286532,0.385,21,241.3,1,0.4807392550143267,1,0,0,0,1,0
0.544,0.432,0.4197707736389683,0.6900000000000001,8,148.5,1,0.4258853868194842,0,0,1,0,0,0
0.176,0.1440000000000001,0.312320916905444,0.81,11,0.0,0,0.2281604584527221,1,1,1,0,0,0
0.528,0.964,0.6661891117478508,0.965,20,0.0,0,0.8150945558739254,0,1,0,0,1,0
0.064,0.408,0.2320916905444124,0.755,19,0.0,0,0.3200458452722062,1,1,0,0,1,0
0.6520000000000001,0.3720000000000001,0.2349570200573065,0.925,15,0.0,0,0.3034785100286533,0,0,0,1,0,0
0.536,0.2959999999999999,0.6117478510028651,0.7050000000000001,14,85.0,1,0.4538739255014325,0,0,0,1,0,0
0.416,0.308,0.8080229226361029,0.245,14,0.0,0,0.5580114613180515,0,1,0,1,0,0
0.132,0.588,0.6905444126074497,0.6400000000000001,17,65.2,1,0.6392722063037248,1,0,0,1,0,0
0.958,0.3520000000000001,0.5873925501432664,0.015,19,0.0,0,0.4696962750716332,0,1,0,0,1,0
0.8320000000000001,0.648,0.0372492836676217,0.485,3,0.0,0,0.3426246418338108,0,0,0,0,0,0
0.976,0.12,0.1389684813753581,0.055,7,0.0,0,0.129484240687679,0,0,1,0,0,0
0.556,0.5599999999999999,0.8968481375358164,0.91,19,96.0,1,0.7284240687679082,0,0,0,0,1,0
0.25,0.7800000000000001,0.3925501432664755,0.4,9,0.0,0,0.5862750716332379,1,1,1,0,0,0
0.794,0.628,0.7206303724928367,0.995,18,0.0,0,0.6743151862464183,0,1,0,0,1,0
0.528,0.016,0.630372492836676,0.435,6,84.3,1,0.323186246418338,0,0,1,0,0,0
0.306,0.5720000000000002,0.4512893982808021,0.33,1,108.2,1,0.5116446991404011,0,0,0,0,0,0
0.0259999999999999,0.7719999999999999,0.2134670487106016,0.55,9,244.0,1,0.4927335243553007,1,0,1,0,0,0
0.186,0.0,0.2893982808022921,0.9,18,134.3,1,0.144699140401146,1,0,0,0,1,0
0.996,0.3840000000000001,0.3782234957020056,0.35,4,0.0,0,0.3811117478510029,0,1,0,0,0,0
0.788,0.0959999999999999,0.1232091690544411,0.86,11,0.0,0,0.1096045845272205,0,0,1,0,0,0
0.0419999999999999,0.7080000000000001,0.2134670487106016,0.13,9,0.0,0,0.4607335243553008,1,1,1,0,0,0
0.6779999999999999,0.988,0.7507163323782233,0.395,1,0.0,0,0.8693581661891117,0,1,0,0,0,0
0.528,0.052,0.7020057306590255,0.845,11,0.0,0,0.3770028653295127,0,1,1,0,0,0
0.8180000000000001,0.3720000000000001,0.464183381088825,0.375,2,0.0,0,0.4180916905444126,0,1,0,0,0,0
0.126,0.404,0.835243553008596,0.155,5,0.0,0,0.619621776504298,1,1,0,0,0,0
0.794,0.032,0.4054441260744984,0.98,19,0.0,0,0.2187220630372492,0,0,0,0,1,0
0.4039999999999999,0.3359999999999999,0.5401146131805156,0.755,18,99.1,1,0.4380573065902577,0,0,0,0,1,0
0.338,0.6919999999999998,0.3323782234957019,0.09,12,169.7,1,0.5121891117478509,0,0,0,1,0,0
0.6620000000000001,0.8640000000000002,0.8954154727793693,0.015,18,0.0,0,0.8797077363896848,0,0,0,0,1,0
0.176,0.7640000000000001,0.3266475644699139,0.9,14,259.7,1,0.545323782234957,1,0,0,1,0,0
0.3579999999999999,0.3279999999999999,0.9212034383954152,0.16,11,0.0,0,0.6246017191977076,0,1,1,0,0,0
0.3799999999999999,0.7360000000000001,0.9756446991404012,0.7250000000000001,15,270.9,1,0.8558223495702006,0,0,0,1,0,0
0.6040000000000001,0.4720000000000001,0.4025787965616045,0.1,11,0.0,0,0.4372893982808023,0,1,1,0,0,0
0.8720000000000001,0.664,0.1547277936962749,0.5900000000000001,7,0.0,0,0.4093638968481375,0,0,1,0,0,0
0.8520000000000001,0.644,0.5873925501432664,0.755,22,0.0,0,0.6156962750716333,0,0,0,0,0,1
0.5,0.656,0.8395415472779368,0.99,5,63.0,1,0.7477707736389685,0,0,0,0,0,0
0.802,0.072,0.80945558739255,0.8250000000000001,0,0.0,0,0.440727793696275,0,1,0,0,0,0
0.9820000000000002,0.992,0.646131805157593,0.61,23,0.0,0,0.8190659025787965,0,1,0,0,0,1
0.8520000000000001,0.028,0.2521489971346704,0.095,4,0.0,0,0.1400744985673352,0,1,0,0,0,0
0.688,0.2240000000000001,0.3839541547277936,0.98,23,0.0,0,0.3039770773638968,0,1,0,0,0,1
0.1079999999999999,0.152,0.1633237822349569,0.445,23,0.0,0,0.1576618911174785,1,1,0,0,0,1
0.732,0.4,0.992836676217765,0.265,21,0.0,0,0.6964183381088824,0,1,0,0,1,0
0.76,0.7919999999999999,0.5429799426934097,0.8,12,0.0,0,0.6674899713467048,0,0,0,1,0,0
0.6279999999999999,0.832,0.4426934097421202,0.29,17,0.0,0,0.6373467048710602,0,1,0,1,0,0
0.8460000000000001,0.16,0.2406876790830944,0.09,22,0.0,0,0.2003438395415472,0,1,0,0,0,1
0.286,0.02,0.8295128939828078,0.535,13,0.0,0,0.4247564469914039,1,1,0,1,0,0
0.136,0.5120000000000001,0.988538681948424,0.205,5,0.0,0,0.750269340974212,1,1,0,0,0,0
0.992,0.4,0.8280802292263609,0.66,6,0.0,0,0.6140401146131804,0,0,1,0,0,0
0.008,0.3520000000000001,0.2779369627507162,0.135,1,98.8,1,0.3149684813753581,1,0,0,0,0,0
0.5959999999999999,0.436,0.2449856733524354,0.34,17,135.0,1,0.3404928366762177,0,0,0,1,0,0
0.254,0.912,0.0329512893982807,0.205,16,0.0,0,0.4724756446991404,1,1,0,1,0,0
0.6579999999999999,0.408,0.4484240687679082,0.185,16,0.0,0,0.4282120343839541,0,1,0,1,0,0
0.74,0.1240000000000001,0.0730659025787965,0.33,18,0.0,0,0.0985329512893983,0,0,0,0,1,0
0.804,0.992,0.7550143266475642,0.52,18,0.0,0,0.8735071633237821,0,1,0,0,1,0
0.1579999999999999,0.8080000000000002,0.6318051575931231,0.665,8,0.0,0,0.7199025787965616,1,1,1,0,0,0
0.784,0.68,0.14756446991404,0.35,2,0.0,0,0.41378223495702,0,0,0,0,0,0
0.706,0.308,0.4928366762177649,0.425,1,0.0,0,0.4004183381088825,0,1,0,0,0,0
0.6559999999999999,0.308,0.7191977077363896,0.67,9,0.0,0,0.5135988538681948,0,1,1,0,0,0
0.066,0.4959999999999999,0.0616045845272205,0.755,8,62.1,1,0.2788022922636102,1,0,1,0,0,0
0.1119999999999999,0.3279999999999999,0.468481375358166,0.03,6,86.7,1,0.398240687679083,1,0,1,0,0,0
0.72,0.348,0.5587392550143265,0.54,20,0.0,0,0.4533696275071632,0,0,0,0,1,0
0.8360000000000001,0.628,0.0458452722063036,0.8250000000000001,13,0.0,0,0.3369226361031519,0,0,0,1,0,0
0.6819999999999999,0.84,0.5730659025787964,0.0699999999999999,2,0.0,0,0.7065329512893982,0,0,0,0,0,0
0.0119999999999999,0.5040000000000001,0.2750716332378222,0.04,13,0.0,0,0.3895358166189112,1,1,0,1,0,0
0.8380000000000001,0.152,0.5902578796561603,0.49,17,0.0,0,0.3711289398280801,0,0,0,1,0,0
0.1079999999999999,0.94,0.2191977077363895,0.5950000000000001,6,0.0,0,0.5795988538681949,1,1,1,0,0,0
0.362,0.2159999999999999,0.5429799426934097,0.7650000000000001,7,0.0,0,0.3794899713467048,0,1,1,0,0,0
0.966,0.5599999999999999,0.1905444126074497,0.81,17,0.0,0,0.3752722063037248,0,0,0,1,0,0
0.6240000000000001,0.388,0.3896848137535815,0.09,15,0.0,0,0.3888424068767908,0,0,0,1,0,0
0.226,0.1759999999999999,0.6790830945558738,0.8300000000000001,17,62.9,1,0.4275415472779368,1,0,0,1,0,0
0.8200000000000001,0.9519999999999998,0.1676217765042979,0.505,18,0.0,0,0.5598108882521489,0,1,0,0,1,0
0.534,0.876,0.2851002865329511,0.8050000000000002,20,122.9,1,0.5805501432664756,0,0,0,0,1,0
0.48,0.988,0.0028653295128939,0.175,6,0.0,0,0.495432664756447,0,1,1,0,0,0
0.524,0.644,0.8151862464183379,0.785,11,0.0,0,0.729593123209169,0,1,1,0,0,0
0.0259999999999999,0.5040000000000001,0.7607449856733524,0.415,2,0.0,0,0.6323724928366763,1,1,0,0,0,0
0.448,0.368,0.0157593123209168,0.265,3,57.0,1,0.1918796561604584,0,0,0,0,0,0
0.752,0.896,0.63323782234957,0.7400000000000001,11,0.0,0,0.764618911174785,0,1,1,0,0,0
0.9840000000000002,0.632,0.9412607449856732,0.33,5,0.0,0,0.7866303724928365,0,1,0,0,0,0
0.14,0.008,0.5114613180515758,0.8250000000000001,20,0.0,0,0.2597306590257879,1,1,0,0,1,0
0.938,0.7719999999999999,0.648997134670487,0.27,6,0.0,0,0.7104985673352435,0,0,1,0,0,0
0.9300000000000002,0.292,0.6805157593123207,0.58,3,0.0,0,0.4862578796561603,0,1,0,0,0,0
0.9820000000000002,0.2,0.7965616045845272,0.04,13,0.0,0,0.4982808022922636,0,0,0,1,0,0
0.8380000000000001,0.1320000000000001,0.965616045845272,0.8400000000000001,23,0.0,0,0.5488080229226361,0,1,0,0,0,1
0.3839999999999999,0.1159999999999999,0.8194842406876788,1.0,14,139.2,1,0.4677421203438394,0,0,0,1,0,0
0.5959999999999999,0.816,0.2521489971346704,0.04,11,91.9,1,0.5340744985673351,0,0,1,0,0,0
0.8940000000000001,0.456,0.7693409742120341,0.5,16,0.0,0,0.6126704871060171,0,0,0,1,0,0
0.6599999999999999,0.58,0.4928366762177649,0.1149999999999999,0,0.0,0,0.5364183381088825,0,0,0,0,0,0
0.3739999999999999,0.944,0.63323782234957,0.055,3,0.0,0,0.788618911174785,0,1,0,0,0,0
0.19,0.424,0.6088825214899712,0.7400000000000001,19,114.9,1,0.5164412607449856,1,0,0,0,1,0
0.5959999999999999,0.976,0.2679083094555873,0.29,23,137.6,1,0.6219541547277937,0,0,0,0,0,1
0.5680000000000001,0.28,0.4541547277936961,0.605,23,0.0,0,0.3670773638968481,0,1,0,0,0,1
0.212,0.84,0.8022922636103149,0.91,6,0.0,0,0.8211461318051574,1,1,1,0,0,0
0.81,0.7160000000000001,0.0816618911174784,0.27,7,0.0,0,0.3988309455587392,0,0,1,0,0,0
0.328,0.8640000000000002,0.9756446991404012,0.6150000000000001,10,0.0,0,0.9198223495702008,0,1,1,0,0,0
0.298,0.668,0.6618911174785098,0.12,7,0.0,0,0.664945558739255,1,1,1,0,0,0
0.412,0.016,0.5802292263610314,0.35,19,144.5,1,0.2981146131805157,0,0,0,0,1,0
0.5680000000000001,0.0879999999999999,0.1819484240687678,0.195,20,0.0,0,0.1349742120343839,0,1,0,0,1,0
0.484,0.656,0.2034383954154726,0.95,8,137.7,1,0.4297191977077363,0,0,1,0,0,0
0.5740000000000001,0.94,0.3653295128939827,0.29,1,0.0,0,0.6526647564469914,0,1,0,0,0,0
0.6300000000000001,0.04,0.4914040114613179,0.915,10,0.0,0,0.265702005730659,0,0,1,0,0,0
0.5980000000000001,0.1640000000000001,0.6518624641833809,0.845,3,0.0,0,0.4079312320916905,0,1,0,0,0,0
0.794,0.5440000000000002,0.3624641833810886,0.53,17,0.0,0,0.4532320916905444,0,0,0,1,0,0
0.6440000000000001,0.04,0.1361031518624641,0.7200000000000001,12,0.0,0,0.088051575931232,0,1,0,1,0,0
0.728,0.24,0.6160458452722062,0.325,18,0.0,0,0.4280229226361031,0,0,0,0,1,0
0.474,0.42,0.151862464183381,0.8300000000000001,15,0.0,0,0.2859312320916905,0,1,0,1,0,0
0.426,0.588,0.5931232091690543,0.475,17,80.8,1,0.5905616045845271,0,0,0,1,0,0
0.9200000000000002,0.588,0.0816618911174784,0.6950000000000001,17,0.0,0,0.3348309455587392,0,1,0,1,0,0
0.062,0.004,0.2449856733524354,0.4,11,94.6,1,0.1244928366762177,1,0,1,0,0,0
0.8600000000000001,0.904,0.0272206303724927,0.1,15,0.0,0,0.4656103151862464,0,1,0,1,0,0
0.06,0.664,0.948424068767908,0.525,3,170.1,1,0.8062120343839541,1,0,0,0,0,0
0.2679999999999999,0.3159999999999999,0.954154727793696,0.505,2,0.0,0,0.6350773638968481,1,1,0,0,0,0
0.8320000000000001,0.7240000000000001,0.4584527220630371,0.015,23,0.0,0,0.5912263610315186,0,1,0,0,0,1
0.734,0.568,0.0028653295128939,0.345,12,0.0,0,0.2854326647564469,0,1,0,1,0,0
0.9320000000000002,0.58,0.3581661891117478,0.4,19,0.0,0,0.4690830945558739,0,1,0,0,1,0
0.966,0.9080000000000004,0.8395415472779368,0.955,0,0.0,0,0.8737707736389686,0,0,0,0,0,0
0.54,0.188,0.3653295128939827,0.195,8,71.7,1,0.2766647564469914,0,0,1,0,0,0
0.54,0.5240000000000001,0.1045845272206302,0.0349999999999999,6,61.8,1,0.3142922636103152,0,0,1,0,0,0
0.3879999999999999,0.5040000000000001,0.3553008595988537,0.1,7,75.3,1,0.4296504297994269,0,0,1,0,0,0
0.698,0.136,0.812320916905444,0.7450000000000001,15,0.0,0,0.474160458452722,0,1,0,1,0,0
0.6279999999999999,0.0559999999999999,0.3094555873925501,0.445,12,0.0,0,0.182727793696275,0,0,0,1,0,0
0.96,0.7719999999999999,0.6676217765042979,0.665,8,0.0,0,0.7198108882521489,0,1,1,0,0,0
0.1139999999999999,0.5040000000000001,0.14756446991404,0.9,18,0.0,0,0.3257822349570201,1,1,0,0,1,0
0.2039999999999999,0.7840000000000001,0.4828080229226359,0.395,9,0.0,0,0.633404011461318,1,1,1,0,0,0
0.808,0.404,0.8323782234957018,0.48,7,0.0,0,0.6181891117478509,0,1,1,0,0,0
0.238,0.964,0.7191977077363896,0.1,2,231.4,1,0.8415988538681949,1,0,0,0,0,0
0.518,0.188,0.3911174785100285,0.55,3,0.0,0,0.2895587392550143,0,1,0,0,0,0
0.976,0.7240000000000001,0.5257879656160457,0.6000000000000001,9,0.0,0,0.6248939828080229,0,1,1,0,0,0
0.5700000000000001,0.412,0.0544412607449856,0.34,12,0.0,0,0.2332206303724928,0,1,0,1,0,0
0.988,0.7640000000000001,0.6346704871060171,0.49,7,0.0,0,0.6993352435530087,0,0,1,0,0,0
0.308,0.3159999999999999,0.7664756446991401,0.34,10,122.4,1,0.54123782234957,0,0,1,0,0,0
0.3639999999999999,0.9,0.0859598853868194,0.2,11,0.0,0,0.4929799426934097,0,1,1,0,0,0
0.0519999999999999,0.8080000000000002,0.1017191977077363,0.11,0,0.0,0,0.4548595988538683,1,1,0,0,0,0
0.062,0.052,0.0085959885386819,0.965,23,129.9,1,0.0302979942693409,1,0,0,0,0,1
0.708,0.4680000000000001,0.825214899713467,0.275,16,0.0,0,0.6466074498567336,0,0,0,1,0,0
0.738,0.988,0.931232091690544,0.2299999999999999,0,0.0,0,0.959616045845272,0,1,0,0,0,0
0.296,0.856,0.8567335243553007,0.01,0,0.0,0,0.8563667621776503,1,1,0,0,0,0
0.5740000000000001,0.5080000000000001,0.6948424068767906,0.325,6,0.0,0,0.6014212034383953,0,1,1,0,0,0
0.538,0.632,0.5802292263610314,0.475,12,0.0,0,0.6061146131805157,0,1,0,1,0,0
0.734,0.676,0.7679083094555872,0.92,3,0.0,0,0.7219541547277937,0,0,0,0,0,0
0.926,0.3279999999999999,0.4985673352435529,0.76,21,0.0,0,0.4132836676217764,0,1,0,0,1,0
0.6520000000000001,0.896,0.0916905444126073,0.895,11,0.0,0,0.4938452722063037,0,0,1,0,0,0
0.996,0.172,0.3366762177650428,0.375,10,0.0,0,0.2543381088825214,0,1,1,0,0,0
0.152,0.456,0.8209169054441259,0.365,0,0.0,0,0.6384584527220629,1,1,0,0,0,0
0.48,0.44,0.4398280802292262,0.625,13,0.0,0,0.4399140401146131,0,1,0,1,0,0
0.8760000000000001,0.192,0.9054441260744984,0.95,2,0.0,0,0.5487220630372491,0,0,0,0,0,0
0.734,0.7080000000000001,0.2449856733524354,0.895,15,0.0,0,0.4764928366762178,0,1,0,1,0,0
0.418,0.7080000000000001,0.954154727793696,0.995,8,114.2,1,0.831077363896848,0,0,1,0,0,0
0.3799999999999999,0.38,0.3409742120343838,0.165,5,82.1,1,0.3604871060171919,0,0,0,0,0,0
0.0339999999999999,0.416,0.5229226361031517,0.7650000000000001,21,0.0,0,0.4694613180515758,1,1,0,0,1,0
0.0,0.7519999999999999,0.7120343839541545,0.105,3,169.7,1,0.7320171919770773,1,0,0,0,0,0
0.97,0.312,0.0773638968481374,0.005,6,0.0,0,0.1946819484240687,0,1,1,0,0,0
0.532,0.8119999999999999,0.8696275071633235,0.135,1,67.5,1,0.8408137535816618,0,0,0,0,0,0
0.072,0.6960000000000001,0.3724928366762177,0.8800000000000001,23,242.0,1,0.5342464183381088,1,0,0,0,0,1
0.4779999999999999,0.64,0.146131805157593,0.525,3,66.2,1,0.3930659025787965,0,0,0,0,0,0
0.9240000000000002,0.5359999999999999,0.0272206303724927,0.015,2,0.0,0,0.2816103151862463,0,0,0,0,0,0
0.172,0.236,0.7421203438395414,0.935,6,59.5,1,0.4890601719197707,1,0,1,0,0,0
0.5859999999999999,0.5080000000000001,0.6475644699140399,0.485,15,0.0,0,0.5777822349570201,0,1,0,1,0,0
0.542,0.1759999999999999,0.7851002865329513,0.6150000000000001,3,0.0,0,0.4805501432664756,0,1,0,0,0,0
0.318,0.288,0.4957020057306589,0.9300000000000002,14,93.1,1,0.3918510028653295,0,0,0,1,0,0
0.6000000000000001,0.86,0.4985673352435529,0.2,18,0.0,0,0.6792836676217764,0,1,0,0,1,0
0.544,0.624,0.2063037249283666,0.325,19,107.1,1,0.4151518624641833,0,0,0,0,1,0
0.4979999999999999,0.2440000000000001,0.4226361031518624,0.7050000000000001,12,0.0,0,0.3333180515759312,0,1,0,1,0,0
0.184,0.128,0.7363896848137534,0.27,10,149.8,1,0.4321948424068767,1,0,1,0,0,0
0.46,0.024,0.2707736389684813,0.7150000000000001,21,0.0,0,0.1473868194842406,0,1,0,0,1,0
0.1979999999999999,0.5200000000000001,0.5157593123209168,0.965,3,140.4,1,0.5178796561604584,1,0,0,0,0,0
0.326,0.24,0.0458452722063036,0.42,0,0.0,0,0.1429226361031518,0,1,0,0,0,0
0.996,0.3400000000000001,0.2621776504297993,0.26,12,0.0,0,0.3010888252148997,0,1,0,1,0,0
0.006,0.22,0.2005730659025787,0.6950000000000001,22,0.0,0,0.2102865329512894,1,1,0,0,0,1
0.548,0.452,0.0959885386819484,0.42,2,0.0,0,0.2739942693409742,0,1,0,0,0,0
0.3779999999999999,0.12,0.4269340974212033,0.58,19,0.0,0,0.2734670487106017,0,1,0,0,1,0
0.3679999999999999,0.904,0.0214899713467048,0.165,14,253.1,1,0.4627449856733524,0,0,0,1,0,0
0.464,0.2159999999999999,0.9212034383954152,0.6900000000000001,22,60.1,1,0.5686017191977076,0,0,0,0,0,1
0.798,0.04,0.8997134670487106,0.43,21,0.0,0,0.4698567335243553,0,1,0,0,1,0
0.786,0.192,0.6518624641833809,0.255,18,0.0,0,0.4219312320916905,0,0,0,0,1,0
0.24,0.9280000000000004,0.6805157593123207,0.51,21,224.1,1,0.8042578796561605,1,0,0,0,1,0
0.506,0.5000000000000001,0.3724928366762177,0.055,17,0.0,0,0.4362464183381089,0,1,0,1,0,0
0.8180000000000001,0.204,0.6618911174785098,0.4650000000000001,12,0.0,0,0.4329455587392549,0,0,0,1,0,0
0.254,0.3400000000000001,0.488538681948424,0.75,11,132.8,1,0.414269340974212,1,0,1,0,0,0
0.08,0.272,0.3911174785100285,0.37,10,145.2,1,0.3315587392550143,1,0,1,0,0,0
0.6200000000000001,0.3,0.3638968481375357,0.625,16,0.0,0,0.3319484240687679,0,0,0,1,0,0
0.196,0.32,0.3997134670487104,0.935,21,144.1,1,0.3598567335243552,1,0,0,0,1,0
0.3979999999999999,0.248,0.9255014326647564,0.79,14,56.8,1,0.5867507163323782,0,0,0,1,0,0
0.758,0.9519999999999998,0.8753581661891117,0.125,17,0.0,0,0.9136790830945558,0,0,0,1,0,0
0.06,0.24,0.6504297994269339,0.445,14,134.1,1,0.4452148997134669,1,0,0,1,0,0
0.27,0.7800000000000001,0.148997134670487,0.975,0,0.0,0,0.4644985673352436,1,1,0,0,0,0
0.346,0.212,0.6633237822349569,0.34,21,0.0,0,0.4376618911174785,0,1,0,0,1,0
0.346,0.008,0.0472779369627506,0.845,11,0.0,0,0.0276389684813753,0,1,1,0,0,0
0.6320000000000001,0.872,0.0916905444126073,0.5750000000000001,10,0.0,0,0.4818452722063037,0,0,1,0,0,0
0.738,0.4840000000000001,0.825214899713467,0.965,7,0.0,0,0.6546074498567336,0,0,1,0,0,0
0.0099999999999999,0.404,0.5558739255014326,0.32,7,118.0,1,0.4799369627507163,1,0,1,0,0,0
0.06,0.1,0.0630372492836675,0.455,5,0.0,0,0.0815186246418338,1,1,0,0,0,0
0.454,0.5040000000000001,0.7206303724928367,0.925,11,148.8,1,0.6123151862464185,0,0,1,0,0,0
0.9220000000000002,0.896,0.5830945558739253,0.8300000000000001,5,0.0,0,0.7395472779369627,0,1,0,0,0,0
0.808,0.5559999999999999,0.0687679083094555,0.365,5,0.0,0,0.3123839541547277,0,1,0,0,0,0
0.08,0.028,0.5759312320916904,0.335,19,0.0,0,0.3019656160458452,1,1,0,0,1,0
0.4759999999999999,0.1240000000000001,0.0243553008595988,0.11,8,0.0,0,0.0741776504297994,0,1,1,0,0,0
0.0119999999999999,0.156,0.0945558739255013,0.885,21,0.0,0,0.1252779369627507,1,1,0,0,1,0
0.506,0.068,0.3868194842406875,0.205,1,0.0,0,0.2274097421203438,0,1,0,0,0,0
0.292,0.436,0.2206303724928365,0.81,0,87.8,1,0.3283151862464183,1,0,0,0,0,0
0.0279999999999999,0.312,0.8997134670487106,0.87,6,91.4,1,0.6058567335243553,1,0,1,0,0,0
0.1119999999999999,0.1320000000000001,0.8954154727793693,0.06,1,107.1,1,0.5137077363896847,1,0,0,0,0,0
0.412,0.588,0.9785100286532952,0.44,10,0.0,0,0.7832550143266475,0,1,1,0,0,0
0.272,0.4640000000000001,0.3796561604584526,0.485,18,0.0,0,0.4218280802292263,1,1,0,0,1,0
0.8260000000000001,0.068,0.9398280802292264,0.555,16,0.0,0,0.5039140401146132,0,0,0,1,0,0
0.386,0.192,0.320916905444126,0.325,12,0.0,0,0.256458452722063,0,1,0,1,0,0
0.516,0.7119999999999999,0.7234957020057304,0.02,16,0.0,0,0.7177478510028652,0,1,0,1,0,0
0.6059999999999999,0.852,0.0773638968481374,0.68,3,0.0,0,0.4646819484240687,0,1,0,0,0,0
0.9440000000000002,0.456,0.7650429799426932,0.005,18,0.0,0,0.6105214899713467,0,1,0,0,1,0
0.5980000000000001,0.588,0.6117478510028651,0.795,2,126.0,1,0.5998739255014325,0,0,0,0,0,0
0.722,0.156,0.5744985673352434,0.26,14,0.0,0,0.3652492836676217,0,0,0,1,0,0
0.798,0.268,0.5888252148997134,0.535,22,0.0,0,0.4284126074498567,0,1,0,0,0,1
0.998,0.02,0.9255014326647564,0.605,10,0.0,0,0.4727507163323782,0,1,1,0,0,0
0.342,0.1120000000000001,0.0329512893982807,0.67,5,127.2,1,0.0724756446991404,0,0,0,0,0,0
0.0899999999999999,0.38,0.1232091690544411,0.78,21,91.5,1,0.2516045845272205,1,0,0,0,1,0
0.8220000000000001,0.652,0.3739255014326647,0.8900000000000001,21,0.0,0,0.5129627507163323,0,0,0,0,1,0
0.192,0.94,0.979942693409742,0.43,10,246.1,1,0.9599713467048708,1,0,1,0,0,0
0.786,0.568,0.3782234957020056,0.8250000000000001,22,0.0,0,0.4731117478510028,0,0,0,0,0,1
0.6040000000000001,0.5120000000000001,0.7621776504297992,0.895,11,0.0,0,0.6370888252148996,0,0,1,0,0,0
0.792,0.104,0.6977077363896846,0.995,4,0.0,0,0.4008538681948423,0,0,0,0,0,0
0.5700000000000001,0.036,0.2851002865329511,0.9300000000000002,12,96.2,1,0.1605501432664756,0,0,0,1,0,0
0.27,0.7959999999999999,0.3696275071633237,0.5900000000000001,11,289.2,1,0.5828137535816618,1,0,1,0,0,0
0.0939999999999999,0.7880000000000001,0.3352435530085959,0.775,16,262.2,1,0.561621776504298,1,0,0,1,0,0
0.708,0.1759999999999999,0.962750716332378,0.95,17,0.0,0,0.569375358166189,0,0,0,1,0,0
0.434,0.3279999999999999,0.1160458452722062,0.545,13,0.0,0,0.2220229226361031,0,1,0,1,0,0
0.5920000000000001,0.36,0.2851002865329511,0.75,12,0.0,0,0.3225501432664756,0,1,0,1,0,0
0.6859999999999999,0.992,0.0945558739255013,0.8800000000000001,14,0.0,0,0.5432779369627506,0,1,0,1,0,0
0.8760000000000001,0.052,0.3366762177650428,0.665,7,0.0,0,0.1943381088825214,0,0,1,0,0,0
0.376,0.072,0.9498567335243552,0.365,12,0.0,0,0.5109283667621776,0,1,0,1,0,0
0.6859999999999999,0.6960000000000001,0.9813753581661888,0.71,20,0.0,0,0.8386876790830944,0,0,0,0,1,0
0.8720000000000001,0.856,0.157593123209169,0.13,17,0.0,0,0.5067965616045845,0,0,0,1,0,0
0.96,0.628,0.4555873925501431,0.27,11,0.0,0,0.5417936962750716,0,1,1,0,0,0
0.744,0.052,0.7707736389684814,0.86,18,0.0,0,0.4113868194842407,0,0,0,0,1,0
0.8380000000000001,0.816,0.4183381088825213,0.39,5,0.0,0,0.6171690544412607,0,0,0,0,0,0
0.958,0.5159999999999999,0.8925501432664755,0.455,5,0.0,0,0.7042750716332378,0,1,0,0,0,0
0.9340000000000002,0.7759999999999999,0.2564469914040114,0.525,14,0.0,0,0.5162234957020057,0,1,0,1,0,0
0.9520000000000002,0.86,0.1404011461318051,0.97,14,0.0,0,0.5002005730659025,0,1,0,1,0,0
0.1079999999999999,0.5640000000000002,0.7593123209169053,0.8050000000000002,12,142.8,1,0.6616561604584528,1,0,0,1,0,0
0.422,0.4880000000000001,0.2664756446991403,0.015,0,81.8,1,0.3772378223495702,0,0,0,0,0,0
0.434,0.0959999999999999,0.7779369627507162,0.41,5,149.5,1,0.4369684813753581,0,0,0,0,0,0
0.152,0.2240000000000001,0.8954154727793693,0.51,21,0.0,0,0.5597077363896847,1,1,0,0,1,0
0.6559999999999999,0.04,0.8209169054441259,0.025,7,0.0,0,0.4304584527220629,0,0,1,0,0,0
0.6499999999999999,0.008,0.0687679083094555,0.985,19,0.0,0,0.0383839541547277,0,0,0,0,1,0
0.6200000000000001,0.156,0.5444126074498566,0.165,16,0.0,0,0.3502063037249283,0,0,0,1,0,0
0.904,0.972,0.9871060171919768,0.125,10,0.0,0,0.9795530085959884,0,0,1,0,0,0
0.9000000000000001,0.16,0.8796561604584525,0.475,9,0.0,0,0.5198280802292263,0,0,1,0,0,0
0.786,0.084,0.0315186246418338,0.655,11,0.0,0,0.0577593123209169,0,1,1,0,0,0
0.174,0.8119999999999999,0.8911174785100284,0.245,4,266.0,1,0.8515587392550141,1,0,0,0,0,0
0.532,0.608,0.825214899713467,0.17,23,0.0,0,0.7166074498567334,0,1,0,0,0,1
0.6040000000000001,0.128,0.8810888252148994,0.795,22,0.0,0,0.5045444126074496,0,0,0,0,0,1
0.152,0.9519999999999998,0.656160458452722,0.6950000000000001,15,150.2,1,0.8040802292263609,1,0,0,1,0,0
0.8460000000000001,0.04,0.5429799426934097,0.955,15,0.0,0,0.2914899713467048,0,0,0,1,0,0
0.912,0.1159999999999999,0.1418338108882521,0.845,14,0.0,0,0.128916905444126,0,1,0,1,0,0
0.2079999999999999,0.1,0.9083094555873924,0.24,17,0.0,0,0.5041547277936962,1,1,0,1,0,0
0.184,0.136,0.0272206303724927,0.99,19,0.0,0,0.0816103151862464,1,1,0,0,1,0
0.0399999999999999,0.98,0.8080229226361029,0.215,16,0.0,0,0.8940114613180514,1,1,0,1,0,0
0.8920000000000001,0.3440000000000001,0.7965616045845272,0.67,9,0.0,0,0.5702808022922636,0,0,1,0,0,0
0.3779999999999999,0.012,0.7750716332378222,0.975,1,112.2,1,0.3935358166189111,0,0,0,0,0,0
0.512,0.44,0.3581661891117478,0.8550000000000001,10,0.0,0,0.3990830945558739,0,1,1,0,0,0
0.5680000000000001,0.276,0.9412607449856732,0.185,16,0.0,0,0.6086303724928366,0,1,0,1,0,0
0.8700000000000001,0.092,0.4942693409742119,0.61,3,0.0,0,0.293134670487106,0,1,0,0,0,0
0.916,0.92,0.6948424068767906,0.16,18,0.0,0,0.8074212034383953,0,0,0,0,1,0
0.236,0.044,0.790830945558739,0.355,17,131.1,1,0.4174154727793695,1,0,0,1,0,0
0.756,0.8119999999999999,0.313753581661891,0.535,0,0.0,0,0.5628767908309456,0,1,0,0,0,0
0.8920000000000001,0.3720000000000001,0.5773638968481374,0.255,18,0.0,0,0.4746819484240687,0,1,0,0,1,0
0.6179999999999999,0.628,0.6131805157593122,0.475,14,0.0,0,0.620590257879656,0,1,0,1,0,0
0.0239999999999999,0.652,0.9957020057306588,0.75,19,0.0,0,0.8238510028653294,1,1,0,0,1,0
0.362,0.98,0.2507163323782234,0.355,2,0.0,0,0.6153581661891118,0,1,0,0,0,0
0.338,0.1159999999999999,0.0845272206303724,0.98,4,96.9,1,0.1002636103151862,0,0,0,0,0,0
0.6159999999999999,0.5159999999999999,0.9269340974212033,0.52,1,0.0,0,0.7214670487106016,0,1,0,0,0,0
0.46,0.94,0.6146131805157592,0.0,19,122.2,1,0.7773065902578796,0,0,0,0,1,0
0.8220000000000001,0.2079999999999999,0.0358166189111747,0.05,1,0.0,0,0.1219083094555873,0,1,0,0,0,0
0.006,0.1640000000000001,0.4598853868194842,0.795,7,0.0,0,0.3119426934097422,1,1,1,0,0,0
0.4059999999999999,0.644,0.5830945558739253,0.5700000000000001,23,0.0,0,0.6135472779369626,0,1,0,0,0,1
0.08,0.412,0.2779369627507162,0.005,16,0.0,0,0.3449684813753581,1,1,0,1,0,0
0.13,0.104,0.3954154727793696,0.98,2,109.1,1,0.2497077363896848,1,0,0,0,0,0
0.44,0.152,0.0616045845272205,0.6000000000000001,0,0.0,0,0.1068022922636103,0,1,0,0,0,0
0.0219999999999999,0.8680000000000002,0.3323782234957019,0.16,21,238.0,1,0.6001891117478511,1,0,0,0,1,0
0.064,0.7280000000000001,0.7292263610315184,0.78,10,243.4,1,0.7286131805157592,1,0,1,0,0,0
0.222,0.06,0.0830945558739254,0.32,5,100.2,1,0.0715472779369627,1,0,0,0,0,0
0.0519999999999999,0.5279999999999999,0.0085959885386819,0.36,21,0.0,0,0.2682979942693409,1,1,0,0,1,0
0.326,0.988,0.5744985673352434,0.7450000000000001,11,283.4,1,0.7812492836676217,0,0,1,0,0,0
0.312,0.28,0.5315186246418337,0.44,10,0.0,0,0.4057593123209169,0,1,1,0,0,0
0.468,0.664,0.6418338108882521,0.68,14,94.4,1,0.6529169054441261,0,0,0,1,0,0
0.8200000000000001,0.288,0.4957020057306589,0.97,10,0.0,0,0.3918510028653295,0,1,1,0,0,0
0.8440000000000001,0.276,0.2335243553008594,0.675,6,0.0,0,0.2547621776504297,0,0,1,0,0,0
0.74,0.7400000000000001,0.1246418338108882,0.6950000000000001,11,0.0,0,0.4323209169054441,0,0,1,0,0,0
0.96,0.3440000000000001,0.318051575931232,0.8050000000000002,2,0.0,0,0.331025787965616,0,0,0,0,0,0
0.412,0.28,0.97134670487106,0.925,22,78.9,1,0.62567335243553,0,0,0,0,0,1
0.8580000000000001,0.3159999999999999,0.5358166189111746,0.365,12,0.0,0,0.4259083094555873,0,1,0,1,0,0
0.216,0.416,0.5372492836676217,0.11,0,104.8,1,0.4766246418338108,1,0,0,0,0,0
0.48,0.976,0.6117478510028651,0.37,16,0.0,0,0.7938739255014327,0,1,0,1,0,0
0.2779999999999999,0.048,0.0,0.18,13,0.0,0,0.024,1,1,0,1,0,0
0.26,0.652,0.2464183381088823,0.77,3,0.0,0,0.4492091690544412,1,1,0,0,0,0
0.8680000000000001,0.3359999999999999,0.812320916905444,0.405,8,0.0,0,0.574160458452722,0,0,1,0,0,0
0.0219999999999999,0.956,0.3065902578796561,0.305,2,238.0,1,0.6312951289398281,1,0,0,0,0,0
0.8160000000000001,0.7719999999999999,0.3825214899713466,0.195,23,0.0,0,0.5772607449856733,0,0,0,0,0,1
0.4559999999999999,0.4760000000000001,0.5429799426934097,0.99,21,0.0,0,0.5094899713467049,0,1,0,0,1,0
0.958,0.876,0.3467048710601718,0.935,7,0.0,0,0.6113524355300859,0,0,1,0,0,0
0.688,0.7840000000000001,0.5702005730659024,0.235,8,0.0,0,0.6771002865329513,0,1,1,0,0,0
0.2679999999999999,0.7080000000000001,0.7077363896848136,0.675,6,239.7,1,0.7078681948424068,1,0,1,0,0,0
0.688,0.7719999999999999,0.7564469914040113,0.8050000000000002,8,0.0,0,0.7642234957020055,0,1,1,0,0,0
0.13,0.8640000000000002,0.143266475644699,0.265,13,159.4,1,0.5036332378223496,1,0,0,1,0,0
0.4559999999999999,0.9080000000000004,0.9040114613180514,0.145,8,78.7,1,0.906005730659026,0,0,1,0,0,0
0.186,0.268,0.0587392550143265,0.41,14,0.0,0,0.1633696275071633,1,1,0,1,0,0
0.74,0.0,0.80945558739255,0.485,16,0.0,0,0.404727793696275,0,1,0,1,0,0
0.0139999999999999,0.884,0.1131805157593122,0.42,4,294.5,1,0.4985902578796561,1,0,0,0,0,0
0.6340000000000001,0.956,0.3309455587392549,0.8650000000000001,13,0.0,0,0.6434727793696275,0,1,0,1,0,0
0.4659999999999999,0.3720000000000001,0.2363896848137535,0.8500000000000001,11,0.0,0,0.3041948424068768,0,1,1,0,0,0
0.2799999999999999,0.052,0.5214899713467047,0.055,9,97.6,1,0.2867449856733524,1,0,1,0,0,0
0.422,0.3,0.9083094555873924,0.31,19,0.0,0,0.6041547277936962,0,1,0,0,1,0
0.8760000000000001,0.312,0.8911174785100284,0.7650000000000001,11,0.0,0,0.6015587392550142,0,0,1,0,0,0
0.916,0.4800000000000001,0.9111747851002864,0.905,4,0.0,0,0.6955873925501432,0,0,0,0,0,0
0.0179999999999999,0.312,0.3553008595988537,0.48,18,71.8,1,0.3336504297994269,1,0,0,0,1,0
0.0559999999999999,0.3840000000000001,0.4226361031518624,0.325,19,138.9,1,0.4033180515759312,1,0,0,0,1,0
0.5980000000000001,0.3359999999999999,0.6647564469914039,0.685,1,147.3,1,0.5003782234957019,0,0,0,0,0,0
0.226,0.5440000000000002,0.0272206303724927,0.785,17,55.5,1,0.2856103151862464,1,0,0,1,0,0
0.244,0.5840000000000002,0.9498567335243552,0.65,16,0.0,0,0.7669283667621776,1,1,0,1,0,0
0.7,0.912,0.8624641833810887,0.39,3,0.0,0,0.8872320916905443,0,1,0,0,0,0
0.6059999999999999,0.004,0.1891117478510027,0.185,9,0.0,0,0.0965558739255013,0,0,1,0,0,0
0.908,0.248,0.3424068767908308,0.61,12,0.0,0,0.2952034383954154,0,1,0,1,0,0
0.196,0.3520000000000001,0.7091690544412605,0.4,13,119.6,1,0.5305845272206303,1,0,0,1,0,0
0.362,0.84,0.1318051575931231,0.425,10,0.0,0,0.4859025787965615,0,1,1,0,0,0
0.9000000000000001,0.7280000000000001,0.5515759312320916,0.985,9,0.0,0,0.6397879656160459,0,1,1,0,0,0
0.8280000000000001,0.7800000000000001,0.9469914040114612,0.7250000000000001,9,0.0,0,0.8634957020057306,0,1,1,0,0,0
0.6399999999999999,0.8000000000000002,0.1117478510028652,0.08,5,0.0,0,0.4558739255014327,0,1,0,0,0,0
0.1699999999999999,0.5559999999999999,0.7765042979942691,0.365,18,106.5,1,0.6662521489971345,1,0,0,0,1,0
0.558,0.9080000000000004,0.3868194842406875,0.505,9,70.6,1,0.647409742120344,0,0,1,0,0,0
0.086,0.86,0.1232091690544411,0.5700000000000001,16,0.0,0,0.4916045845272205,1,1,0,1,0,0
0.246,0.656,0.2765042979942692,0.155,20,0.0,0,0.4662521489971346,1,1,0,0,1,0
0.342,0.256,0.319484240687679,0.29,0,99.8,1,0.2877421203438395,0,0,0,0,0,0
0.062,0.6960000000000001,0.5945558739255014,0.9,20,0.0,0,0.6452779369627507,1,1,0,0,1,0
0.73,0.1,0.7822349570200571,0.755,7,0.0,0,0.4411174785100286,0,1,1,0,0,0
0.6840000000000002,0.648,0.2220630372492836,0.155,12,0.0,0,0.4350315186246418,0,0,0,1,0,0
0.8260000000000001,0.58,0.1676217765042979,0.47,6,0.0,0,0.3738108882521489,0,1,1,0,0,0
0.81,0.312,0.2363896848137535,0.355,16,0.0,0,0.2741948424068768,0,1,0,1,0,0
0.8,0.412,0.2134670487106016,0.7400000000000001,9,0.0,0,0.3127335243553008,0,1,1,0,0,0
0.3639999999999999,0.7640000000000001,0.7593123209169053,0.145,19,0.0,0,0.7616561604584526,0,1,0,0,1,0
0.69,0.852,0.5028653295128939,0.06,2,0.0,0,0.6774326647564469,0,1,0,0,0,0
0.45,0.4880000000000001,0.0644699140401146,0.1149999999999999,22,0.0,0,0.2762349570200573,0,1,0,0,0,1
0.6520000000000001,0.032,0.2521489971346704,0.105,5,0.0,0,0.1420744985673352,0,0,0,0,0,0
0.508,0.656,0.5229226361031517,0.105,7,0.0,0,0.5894613180515759,0,1,1,0,0,0
0.9540000000000002,0.7919999999999999,0.2378223495702005,0.49,12,0.0,0,0.5149111747851003,0,1,0,1,0,0
0.35,0.04,0.2034383954154726,0.515,10,123.3,1,0.1217191977077363,0,0,1,0,0,0
0.0979999999999999,0.596,0.6690544412607448,0.5599999999999999,12,0.0,0,0.6325272206303724,1,1,0,1,0,0
0.31,0.832,0.6074498567335243,0.7150000000000001,12,266.8,1,0.7197249283667622,0,0,0,1,0,0
0.5859999999999999,0.1440000000000001,0.5902578796561603,0.785,22,0.0,0,0.3671289398280802,0,1,0,0,0,1
0.0919999999999999,0.3400000000000001,0.1733524355300859,0.0349999999999999,16,0.0,0,0.256676217765043,1,1,0,1,0,0
0.8920000000000001,0.628,0.80945558739255,0.675,7,0.0,0,0.718727793696275,0,0,1,0,0,0
0.1379999999999999,0.4600000000000001,0.7750716332378222,0.0,11,0.0,0,0.6175358166189111,1,1,1,0,0,0
0.428,0.1320000000000001,0.0143266475644698,0.325,8,137.6,1,0.073163323782235,0,0,1,0,0,0
0.806,0.4880000000000001,0.8323782234957018,0.94,9,0.0,0,0.6601891117478509,0,1,1,0,0,0
0.418,0.7840000000000001,0.4999999999999999,0.655,2,0.0,0,0.642,0,1,0,0,0,0
0.5880000000000001,0.1959999999999999,0.4169054441260744,0.6200000000000001,13,0.0,0,0.3064527220630372,0,1,0,1,0,0
0.124,0.9080000000000004,0.5659025787965615,0.86,11,210.3,1,0.7369512893982808,1,0,1,0,0,0
0.56,0.976,0.3925501432664755,0.415,0,0.0,0,0.6842750716332378,0,1,0,0,0,0
0.062,0.7240000000000001,0.6232091690544411,0.7200000000000001,18,0.0,0,0.6736045845272206,1,1,0,0,1,0
0.13,0.3159999999999999,0.0458452722063036,0.39,19,60.8,1,0.1809226361031518,1,0,0,0,1,0
0.518,0.968,0.8309455587392547,0.8550000000000001,11,0.0,0,0.8994727793696273,0,1,1,0,0,0
0.178,0.312,0.6174785100286532,0.245,13,0.0,0,0.4647392550143266,1,1,0,1,0,0
0.5920000000000001,0.816,0.6318051575931231,0.265,4,0.0,0,0.7239025787965615,0,1,0,0,0,0
0.9220000000000002,0.5040000000000001,0.5114613180515758,0.755,9,0.0,0,0.507730659025788,0,0,1,0,0,0
0.162,0.1240000000000001,0.0730659025787965,0.145,15,0.0,0,0.0985329512893983,1,1,0,1,0,0
0.926,0.876,0.1919770773638968,0.355,11,0.0,0,0.5339885386819484,0,1,1,0,0,0
0.72,0.7119999999999999,0.6117478510028651,0.685,10,0.0,0,0.6618739255014325,0,1,1,0,0,0
0.3879999999999999,0.5520000000000002,0.4040114613180514,0.945,21,115.6,1,0.4780057306590258,0,0,0,0,1,0
0.718,0.428,0.8581661891117476,0.235,14,0.0,0,0.6430830945558739,0,1,0,1,0,0
0.992,0.88,0.4928366762177649,0.45,6,0.0,0,0.6864183381088824,0,1,1,0,0,0
0.37,0.612,0.0200573065902578,0.445,15,185.7,1,0.3160286532951289,0,0,0,1,0,0
0.4459999999999999,0.896,0.5472779369627505,0.315,8,0.0,0,0.7216389684813753,0,1,1,0,0,0
0.8260000000000001,0.7840000000000001,0.9297994269340972,0.835,9,0.0,0,0.8568997134670486,0,1,1,0,0,0
0.414,0.28,0.4312320916905443,0.525,0,108.6,1,0.3556160458452722,0,0,0,0,0,0
0.166,0.7919999999999999,0.0787965616045844,0.5599999999999999,4,184.0,1,0.4353982808022922,1,0,0,0,0,0
0.936,0.4840000000000001,0.4957020057306589,0.47,8,0.0,0,0.4898510028653295,0,1,1,0,0,0
0.036,0.072,0.790830945558739,0.87,13,0.0,0,0.4314154727793695,1,1,0,1,0,0
0.8280000000000001,0.1320000000000001,0.5472779369627505,0.5650000000000001,15,0.0,0,0.3396389684813753,0,1,0,1,0,0
0.9820000000000002,0.8000000000000002,0.9212034383954152,0.5,16,0.0,0,0.8606017191977078,0,1,0,1,0,0
0.54,0.0879999999999999,0.9068767908309454,0.305,10,111.9,1,0.4974383954154727,0,0,1,0,0,0
0.418,0.128,0.8510028653295127,0.975,7,101.1,1,0.4895014326647564,0,0,1,0,0,0
0.13,0.588,0.9742120343839538,0.085,20,0.0,0,0.7811060171919768,1,1,0,0,1,0
0.35,0.6040000000000002,0.4097421203438395,0.7150000000000001,7,0.0,0,0.5068710601719199,0,1,1,0,0,0
0.19,0.404,0.0472779369627506,0.085,7,85.0,1,0.2256389684813753,1,0,1,0,0,0
0.8540000000000001,0.204,0.8724928366762175,0.075,8,0.0,0,0.5382464183381088,0,1,1,0,0,0
0.062,0.5440000000000002,0.0916905444126073,0.235,0,104.7,1,0.3178452722063037,1,0,0,0,0,0
0.538,0.592,0.2277936962750715,0.4599999999999999,4,77.1,1,0.4098968481375357,0,0,0,0,0,0
0.8800000000000001,0.82,0.7249283667621775,0.895,16,0.0,0,0.7724641833810888,0,1,0,1,0,0
0.6840000000000002,0.4720000000000001,0.1905444126074497,0.835,11,0.0,0,0.3312722063037249,0,0,1,0,0,0
0.8820000000000001,0.448,0.7106017191977076,0.33,3,0.0,0,0.5793008595988538,0,1,0,0,0,0
0.6719999999999999,0.612,0.5071633237822348,0.135,13,0.0,0,0.5595816618911174,0,0,0,1,0,0
0.046,0.4800000000000001,0.0315186246418338,0.45,12,140.2,1,0.255759312320917,1,0,0,1,0,0
0.8840000000000001,0.3440000000000001,0.800859598853868,0.435,11,0.0,0,0.5724297994269341,0,1,1,0,0,0
0.1539999999999999,0.212,0.5630372492836675,0.8900000000000001,7,104.9,1,0.3875186246418338,1,0,1,0,0,0
0.5820000000000001,0.7440000000000001,0.9914040114613178,0.355,0,122.0,1,0.867702005730659,0,0,0,0,0,0
0.34,0.14,0.7234957020057304,0.635,4,0.0,0,0.4317478510028652,0,1,0,0,0,0
0.6120000000000001,0.6919999999999998,0.5286532951289397,0.94,14,0.0,0,0.6103266475644697,0,0,0,1,0,0
0.1139999999999999,0.8640000000000002,0.790830945558739,0.67,22,0.0,0,0.8274154727793697,1,1,0,0,0,1
0.98,0.7080000000000001,0.7836676217765042,0.04,1,0.0,0,0.7458338108882521,0,1,0,0,0,0
0.8980000000000001,0.2640000000000001,0.9154727793696272,0.54,19,0.0,0,0.5897363896848138,0,1,0,0,1,0
0.6420000000000001,0.4760000000000001,0.6661891117478508,0.53,6,0.0,0,0.5710945558739254,0,0,1,0,0,0
0.812,0.428,0.318051575931232,0.635,7,0.0,0,0.373025787965616,0,0,1,0,0,0
0.33,0.28,0.0659025787965615,0.105,6,51.8,1,0.1729512893982807,0,0,1,0,0,0
0.786,0.98,0.0859598853868194,0.8250000000000001,17,0.0,0,0.5329799426934098,0,0,0,1,0,0
0.6079999999999999,0.08,0.3939828080229225,0.895,4,0.0,0,0.2369914040114613,0,0,0,0,0,0
0.9940000000000002,0.984,0.322349570200573,0.7000000000000001,10,0.0,0,0.6531747851002865,0,0,1,0,0,0
0.226,0.5000000000000001,0.4068767908309454,0.49,7,98.8,1,0.4534383954154727,1,0,1,0,0,0
0.748,0.06,0.7822349570200571,0.08,6,0.0,0,0.4211174785100285,0,0,1,0,0,0
0.966,0.36,0.9111747851002864,0.81,10,0.0,0,0.6355873925501432,0,0,1,0,0,0
0.286,0.976,0.4828080229226359,0.6400000000000001,20,0.0,0,0.7294040114613181,1,1,0,0,1,0
0.0559999999999999,0.3840000000000001,0.4770773638968479,0.885,9,0.0,0,0.430538681948424,1,1,1,0,0,0
0.4659999999999999,0.072,0.2851002865329511,0.02,5,0.0,0,0.1785501432664756,0,1,0,0,0,0
0.8900000000000001,0.4640000000000001,0.7349570200573066,0.33,4,0.0,0,0.5994785100286533,0,1,0,0,0,0
0.706,0.5640000000000002,0.3982808022922635,0.8300000000000001,6,0.0,0,0.4811404011461318,0,0,1,0,0,0
0.6200000000000001,0.168,0.7263610315186244,0.25,23,0.0,0,0.4471805157593122,0,1,0,0,0,1
0.2139999999999999,0.3159999999999999,0.4555873925501431,0.21,7,127.0,1,0.3857936962750715,1,0,1,0,0,0
0.314,0.5559999999999999,0.9942693409742118,0.95,20,0.0,0,0.7751346704871058,0,1,0,0,1,0
0.8780000000000001,0.348,0.153295128939828,0.6150000000000001,13,0.0,0,0.250647564469914,0,1,0,1,0,0
0.74,0.44,0.0,0.04,1,0.0,0,0.22,0,1,0,0,0,0
0.3959999999999999,0.7519999999999999,0.6776504297994269,0.45,12,0.0,0,0.7148252148997134,0,1,0,1,0,0
0.698,0.0759999999999999,0.6633237822349569,0.215,20,0.0,0,0.3696618911174784,0,1,0,0,1,0
0.3799999999999999,0.128,0.6260744985673351,0.96,2,132.1,1,0.3770372492836675,0,0,0,0,0,0
0.246,0.684,0.0329512893982807,0.0349999999999999,20,266.0,1,0.3584756446991404,1,0,0,0,1,0
0.016,0.9080000000000004,0.9742120343839538,0.6200000000000001,22,0.0,0,0.941106017191977,1,1,0,0,0,1
0.306,0.348,0.5873925501432664,0.225,20,0.0,0,0.4676962750716332,0,1,0,0,1,0
0.2039999999999999,0.1240000000000001,0.6919770773638968,0.6150000000000001,10,0.0,0,0.4079885386819484,1,1,1,0,0,0
0.6740000000000002,0.624,0.7292263610315184,0.1149999999999999,18,0.0,0,0.6766131805157591,0,1,0,0,1,0
0.0219999999999999,0.664,0.1776504297994268,0.92,23,295.3,1,0.4208252148997135,1,0,0,0,0,1
0.194,0.4600000000000001,0.320916905444126,0.6150000000000001,19,0.0,0,0.390458452722063,1,1,0,0,1,0
0.352,0.444,0.6174785100286532,0.48,10,133.0,1,0.5307392550143266,0,0,1,0,0,0
0.9620000000000002,0.632,0.5616045845272205,0.26,14,0.0,0,0.5968022922636103,0,1,0,1,0,0
0.5800000000000001,0.876,0.4828080229226359,0.455,23,88.8,1,0.679404011461318,0,0,0,0,0,1
0.036,0.3920000000000001,0.4011461318051574,0.7200000000000001,3,146.7,1,0.3965730659025788,1,0,0,0,0,0
0.0979999999999999,0.6880000000000001,0.0687679083094555,0.09,20,0.0,0,0.3783839541547278,1,1,0,0,1,0
0.5900000000000001,0.1079999999999999,0.1690544412607449,0.5700000000000001,21,128.1,1,0.1385272206303724,0,0,0,0,1,0
0.716,0.5240000000000001,0.1418338108882521,0.655,2,0.0,0,0.3329169054441261,0,0,0,0,0,0
0.1139999999999999,0.568,0.959885386819484,0.515,6,64.9,1,0.763942693409742,1,0,1,0,0,0
0.5800000000000001,0.396,0.3366762177650428,0.16,1,144.6,1,0.3663381088825214,0,0,0,0,0,0
0.008,0.32,0.2335243553008594,0.6900000000000001,13,0.0,0,0.2767621776504297,1,1,0,1,0,0
0.8180000000000001,0.5359999999999999,0.6203438395415471,0.995,23,0.0,0,0.5781719197707735,0,1,0,0,0,1
0.9520000000000002,0.1120000000000001,0.47134670487106,0.13,10,0.0,0,0.29167335243553,0,1,1,0,0,0
0.978,0.348,0.8151862464183379,0.1149999999999999,14,0.0,0,0.5815931232091689,0,0,0,1,0,0
0.068,0.7480000000000001,0.1160458452722062,0.875,21,0.0,0,0.4320229226361032,1,1,0,0,1,0
0.1159999999999999,0.832,0.3882521489971345,0.335,3,291.2,1,0.6101260744985673,1,0,0,0,0,0
0.076,0.8240000000000002,0.7363896848137534,0.295,2,0.0,0,0.7801948424068768,1,1,0,0,0,0
0.6859999999999999,0.052,0.8567335243553007,0.045,12,0.0,0,0.4543667621776504,0,0,0,1,0,0
0.774,0.8480000000000002,0.1074498567335243,0.915,11,0.0,0,0.4777249283667623,0,1,1,0,0,0
0.43,0.4640000000000001,0.0128939828080228,0.515,4,0.0,0,0.2384469914040115,0,1,0,0,0,0
0.474,0.92,0.4312320916905443,0.125,11,0.0,0,0.6756160458452722,0,1,1,0,0,0
0.462,0.1079999999999999,0.9914040114613178,0.6000000000000001,15,84.4,1,0.549702005730659,0,0,0,1,0,0
0.212,0.3640000000000001,0.6045845272206302,0.415,23,0.0,0,0.4842922636103151,1,1,0,0,0,1
0.206,0.28,0.4312320916905443,0.205,16,0.0,0,0.3556160458452722,1,1,0,1,0,0
0.314,0.628,0.3610315186246416,0.735,16,157.0,1,0.4945157593123208,0,0,0,1,0,0
0.5820000000000001,0.7080000000000001,0.4441260744985672,0.0349999999999999,23,0.0,0,0.5760630372492836,0,1,0,0,0,1
0.062,0.128,0.6948424068767906,0.22,7,97.8,1,0.4114212034383953,1,0,1,0,0,0
0.8760000000000001,0.204,0.7564469914040113,0.355,6,0.0,0,0.4802234957020057,0,1,1,0,0,0
0.242,0.7280000000000001,0.0630372492836675,0.77,12,299.6,1,0.3955186246418338,1,0,0,1,0,0
0.726,0.5320000000000001,0.0702005730659025,0.05,13,0.0,0,0.3011002865329513,0,1,0,1,0,0
0.27,0.036,0.5071633237822348,0.01,13,107.0,1,0.2715816618911174,1,0,0,1,0,0
0.99,0.004,0.0401146131805156,0.985,1,0.0,0,0.0220573065902578,0,0,0,0,0,0
0.0279999999999999,0.956,0.6060171919770772,0.635,22,0.0,0,0.7810085959885387,1,1,0,0,0,1
0.938,0.236,0.2406876790830944,0.03,7,0.0,0,0.2383438395415472,0,1,1,0,0,0
0.542,0.5559999999999999,0.2793696275071632,0.415,11,71.6,1,0.4176848137535816,0,0,1,0,0,0
0.968,0.86,0.8567335243553007,0.8400000000000001,9,0.0,0,0.8583667621776503,0,1,1,0,0,0
0.3,0.28,0.1174785100286532,0.22,8,90.9,1,0.1987392550143266,0,0,1,0,0,0
0.29,0.856,0.1776504297994268,0.17,5,0.0,0,0.5168252148997134,1,1,0,0,0,0
0.9720000000000002,0.988,0.8997134670487106,0.635,14,0.0,0,0.9438567335243552,0,1,0,1,0,0
0.806,0.1759999999999999,0.0286532951289398,0.77,17,0.0,0,0.1023266475644698,0,0,0,1,0,0
0.122,0.992,0.3553008595988537,0.995,8,0.0,0,0.6736504297994268,1,1,1,0,0,0
0.5920000000000001,0.936,0.3295128939828079,0.81,13,0.0,0,0.632756446991404,0,1,0,1,0,0
0.284,0.4920000000000001,0.7363896848137534,0.7450000000000001,17,68.8,1,0.6141948424068768,1,0,0,1,0,0
0.126,0.852,0.4498567335243552,0.1,14,187.4,1,0.6509283667621776,1,0,0,1,0,0
0.8560000000000001,0.0,0.3810888252148996,0.13,6,0.0,0,0.1905444126074498,0,0,1,0,0,0
0.238,0.5159999999999999,0.9197707736389682,0.195,22,97.3,1,0.7178853868194841,1,0,0,0,0,1
0.438,0.6040000000000002,0.4111747851002864,0.16,19,52.1,1,0.5075873925501433,0,0,0,0,1,0
0.376,0.876,0.4398280802292262,0.925,18,272.6,1,0.6579140401146131,0,0,0,0,1,0
0.9740000000000002,0.5040000000000001,0.800859598853868,0.785,19,0.0,0,0.6524297994269341,0,0,0,0,1,0
0.524,0.4600000000000001,0.8553008595988536,0.8900000000000001,23,96.5,1,0.6576504297994268,0,0,0,0,0,1
0.34,0.4,0.5057306590257878,0.45,8,132.9,1,0.4528653295128939,0,0,1,0,0,0
0.1599999999999999,0.5400000000000001,0.6805157593123207,0.485,20,53.5,1,0.6102578796561604,1,0,0,0,1,0
0.392,0.624,0.0386819484240687,0.8300000000000001,1,0.0,0,0.3313409742120343,0,1,0,0,0,0
0.8820000000000001,0.7360000000000001,0.0186246418338108,0.8550000000000001,18,0.0,0,0.3773123209169055,0,1,0,0,1,0
0.0839999999999999,0.324,0.0229226361031518,0.12,0,0.0,0,0.1734613180515759,1,1,0,0,0,0
0.1439999999999999,0.936,0.1833810888252148,0.63,7,0.0,0,0.5596905444126075,1,1,1,0,0,0
0.708,0.5440000000000002,0.5415472779369626,0.995,2,0.0,0,0.5427736389684814,0,0,0,0,0,0
0.076,0.816,0.316618911174785,0.355,10,242.5,1,0.5663094555873924,1,0,1,0,0,0
0.8460000000000001,0.3640000000000001,0.156160458452722,0.0699999999999999,16,0.0,0,0.2600802292263611,0,1,0,1,0,0
0.3939999999999999,0.3400000000000001,0.0544412607449856,0.35,0,69.6,1,0.1972206303724928,0,0,0,0,0,0
0.0279999999999999,0.44,0.5429799426934097,0.945,22,106.0,1,0.4914899713467048,1,0,0,0,0,1
0.4859999999999999,0.416,0.2994269340974211,0.775,3,121.7,1,0.3577134670487106,0,0,0,0,0,0
0.0999999999999999,0.3320000000000001,0.7779369627507162,0.92,7,109.6,1,0.5549684813753581,1,0,1,0,0,0
0.0039999999999999,0.32,0.7679083094555872,0.9300000000000002,7,0.0,0,0.5439541547277936,1,1,1,0,0,0
0.6640000000000001,0.648,0.5444126074498566,0.8050000000000002,22,0.0,0,0.5962063037249283,0,0,0,0,0,1
0.6819999999999999,0.3440000000000001,0.7091690544412605,0.235,12,0.0,0,0.5265845272206303,0,1,0,1,0,0
0.1879999999999999,0.5840000000000002,0.812320916905444,0.39,17,82.2,1,0.6981604584527221,1,0,0,1,0,0
0.6640000000000001,0.608,0.9469914040114612,0.7250000000000001,2,0.0,0,0.7774957020057305,0,0,0,0,0,0
0.928,0.272,0.98567335243553,0.86,13,0.0,0,0.628836676217765,0,1,0,1,0,0
0.3,0.944,0.6246418338108881,0.7250000000000001,17,171.0,1,0.7843209169054441,0,0,0,1,0,0
0.9820000000000002,0.008,0.1590257879656159,0.495,21,0.0,0,0.0835128939828079,0,1,0,0,1,0
0.6499999999999999,0.936,0.7636103151862463,0.845,13,0.0,0,0.8498051575931231,0,0,0,1,0,0
0.2779999999999999,0.7759999999999999,0.8338108882521487,0.41,14,256.0,1,0.8049054441260743,1,0,0,1,0,0
0.792,0.4920000000000001,0.9097421203438392,0.11,3,0.0,0,0.7008710601719197,0,0,0,0,0,0
0.756,0.7160000000000001,0.962750716332378,0.0699999999999999,22,0.0,0,0.8393753581661891,0,1,0,0,0,1
0.354,0.912,0.7564469914040113,0.065,20,230.3,1,0.8342234957020056,0,0,0,0,1,0
0.754,0.672,0.2335243553008594,0.135,19,0.0,0,0.4527621776504297,0,0,0,0,1,0
0.2299999999999999,0.7480000000000001,0.1848137535816618,0.2,1,0.0,0,0.4664068767908309,1,1,0,0,0,0
0.808,0.236,0.0802292263610314,0.63,2,0.0,0,0.1581146131805157,0,1,0,0,0,0
0.756,0.628,0.9914040114613178,0.975,8,0.0,0,0.809702005730659,0,1,1,0,0,0
0.292,0.3640000000000001,0.0114613180515758,0.8150000000000001,2,0.0,0,0.1877306590257879,1,1,0,0,0,0
0.5840000000000001,0.6880000000000001,0.7077363896848136,0.82,15,0.0,0,0.6978681948424068,0,1,0,1,0,0
0.444,0.3720000000000001,0.7564469914040113,0.36,17,81.8,1,0.5642234957020057,0,0,0,1,0,0
0.6779999999999999,0.012,0.4441260744985672,0.265,16,0.0,0,0.2280630372492836,0,0,0,1,0,0
0.8540000000000001,0.236,0.1074498567335243,0.37,19,0.0,0,0.1717249283667621,0,0,0,0,1,0
0.078,0.964,0.3510028653295128,0.11,15,0.0,0,0.6575014326647565,1,1,0,1,0,0
0.24,0.68,0.8982808022922635,0.8,3,0.0,0,0.7891404011461318,1,1,0,0,0,0
0.0899999999999999,0.26,0.4942693409742119,0.09,6,58.7,1,0.3771346704871059,1,0,1,0,0,0
0.3939999999999999,0.62,0.7234957020057304,0.98,14,271.0,1,0.6717478510028652,0,0,0,1,0,0
0.254,0.256,0.320916905444126,0.81,5,65.4,1,0.288458452722063,1,0,0,0,0,0
0.6479999999999999,0.8440000000000002,0.0945558739255013,0.67,10,0.0,0,0.4692779369627508,0,1,1,0,0,0
0.722,0.9280000000000004,0.9498567335243552,0.605,6,0.0,0,0.9389283667621776,0,0,1,0,0,0
0.6759999999999999,1.0,0.952722063037249,0.045,15,0.0,0,0.9763610315186244,0,0,0,1,0,0
0.0999999999999999,0.9,0.0630372492836675,0.875,9,0.0,0,0.4815186246418338,1,1,1,0,0,0
0.6059999999999999,0.976,0.4541547277936961,0.515,7,0.0,0,0.7150773638968482,0,1,1,0,0,0
0.4859999999999999,0.5159999999999999,0.9426934097421202,0.05,1,112.3,1,0.72934670487106,0,0,0,0,0,0
0.1119999999999999,0.1640000000000001,0.8696275071633235,0.15,17,133.8,1,0.5168137535816618,1,0,0,1,0,0
0.8720000000000001,0.5599999999999999,0.6790830945558738,0.43,8,0.0,0,0.6195415472779369,0,0,1,0,0,0
0.556,0.7000000000000001,0.9842406876790828,0.895,15,108.5,1,0.8421203438395415,0,0,0,1,0,0
0.734,0.892,0.1375358166189111,0.76,14,0.0,0,0.5147679083094556,0,1,0,1,0,0
0.9320000000000002,0.968,0.6862464183381087,0.61,3,0.0,0,0.8271232091690544,0,1,0,0,0,0
0.958,0.172,0.7779369627507162,0.48,5,0.0,0,0.4749684813753581,0,1,0,0,0,0
0.906,0.2,0.1103151862464182,0.66,13,0.0,0,0.1551575931232091,0,0,0,1,0,0
0.0559999999999999,0.156,0.6418338108882521,0.03,16,0.0,0,0.398916905444126,1,1,0,1,0,0
0.702,0.5200000000000001,0.2020057306590257,0.55,18,0.0,0,0.361002865329513,0,0,0,0,1,0
0.81,0.668,0.3323782234957019,0.375,15,0.0,0,0.500189111747851,0,1,0,1,0,0
0.562,0.304,0.0014326647564469,0.215,21,98.2,1,0.1527163323782235,0,0,0,0,1,0
0.172,0.1240000000000001,0.8051575931232089,0.6900000000000001,12,0.0,0,0.4645787965616045,1,1,0,1,0,0
0.8140000000000001,0.1759999999999999,0.1318051575931231,0.5700000000000001,0,0.0,0,0.1539025787965615,0,0,0,0,0,0
0.552,0.86,0.0773638968481374,0.735,19,0.0,0,0.4686819484240687,0,1,0,0,1,0
0.0499999999999999,0.7880000000000001,0.1919770773638968,0.455,19,297.2,1,0.4899885386819484,1,0,0,0,1,0
0.768,0.292,0.6891117478510027,0.48,8,0.0,0,0.4905558739255014,0,0,1,0,0,0
0.9620000000000002,0.4680000000000001,0.7621776504297992,0.535,1,0.0,0,0.6150888252148996,0,1,0,0,0,0
0.918,0.92,0.2865329512893982,0.42,5,0.0,0,0.6032664756446992,0,1,0,0,0,0
0.8520000000000001,0.576,0.3681948424068766,0.96,18,0.0,0,0.4720974212034383,0,0,0,0,1,0
0.41,0.968,0.2421203438395415,0.03,20,102.9,1,0.6050601719197708,0,0,0,0,1,0
0.1539999999999999,0.396,0.4083094555873925,0.255,7,0.0,0,0.4021547277936962,1,1,1,0,0,0
0.442,0.588,0.9255014326647564,0.895,19,0.0,0,0.7567507163323781,0,1,0,0,1,0
0.324,0.172,0.4670487106017191,0.1,14,149.2,1,0.3195243553008596,0,0,0,1,0,0
0.048,0.996,0.318051575931232,0.365,5,168.6,1,0.6570257879656161,1,0,0,0,0,0
0.254,0.192,0.7707736389684814,0.635,11,0.0,0,0.4813868194842407,1,1,1,0,0,0
0.8280000000000001,0.616,0.6031518624641833,0.44,16,0.0,0,0.6095759312320916,0,0,0,1,0,0
0.8380000000000001,0.4,0.656160458452722,0.12,16,0.0,0,0.528080229226361,0,0,0,1,0,0
0.068,0.148,0.8954154727793693,0.475,14,0.0,0,0.5217077363896847,1,1,0,1,0,0
0.412,0.404,0.6747851002865328,0.58,1,115.0,1,0.5393925501432664,0,0,0,0,0,0
0.118,0.3920000000000001,0.8524355300859596,0.265,14,0.0,0,0.6222177650429799,1,1,0,1,0,0
0.354,0.948,0.5644699140401145,0.7150000000000001,11,195.8,1,0.7562349570200573,0,0,1,0,0,0
0.774,0.5080000000000001,0.2707736389684813,0.055,7,0.0,0,0.3893868194842407,0,0,1,0,0,0
0.9000000000000001,0.5000000000000001,0.0472779369627506,0.8250000000000001,21,0.0,0,0.2736389684813753,0,0,0,0,1,0
0.91,0.0,0.646131805157593,0.37,8,0.0,0,0.3230659025787965,0,1,1,0,0,0
0.1599999999999999,0.632,0.8739255014326646,0.775,18,275.6,1,0.7529627507163323,1,0,0,0,1,0
0.708,0.16,0.6618911174785098,0.8050000000000002,11,0.0,0,0.4109455587392549,0,1,1,0,0,0
0.708,0.204,0.4197707736389683,0.685,7,0.0,0,0.3118853868194842,0,1,1,0,0,0
0.118,0.008,0.8338108882521487,0.43,0,141.2,1,0.4209054441260743,1,0,0,0,0,0
0.726,0.8280000000000002,0.0673352435530085,0.41,19,0.0,0,0.4476676217765044,0,1,0,0,1,0
0.442,0.676,0.7435530085959883,0.8800000000000001,8,0.0,0,0.7097765042979942,0,1,1,0,0,0
0.6559999999999999,0.24,0.5573065902578795,0.8300000000000001,17,0.0,0,0.3986532951289397,0,1,0,1,0,0
0.5840000000000001,0.4760000000000001,0.1547277936962749,0.445,21,116.7,1,0.3153638968481375,0,0,0,0,1,0
0.0039999999999999,0.0,0.793696275071633,0.53,19,0.0,0,0.3968481375358165,1,1,0,0,1,0
0.266,0.7119999999999999,0.2335243553008594,0.0,14,0.0,0,0.4727621776504296,1,1,0,1,0,0
0.118,0.444,0.948424068767908,0.645,20,0.0,0,0.696212034383954,1,1,0,0,1,0
0.252,0.992,0.3366762177650428,0.645,16,0.0,0,0.6643381088825213,1,1,0,1,0,0
0.424,0.5120000000000001,0.0787965616045844,0.215,10,0.0,0,0.2953982808022923,0,1,1,0,0,0
0.172,0.452,0.464183381088825,0.06,12,0.0,0,0.4580916905444125,1,1,0,1,0,0
0.556,0.248,0.2851002865329511,0.44,6,144.0,1,0.2665501432664756,0,0,1,0,0,0
0.978,0.2959999999999999,0.2851002865329511,0.085,4,0.0,0,0.2905501432664755,0,0,0,0,0,0
0.192,0.008,0.469914040114613,0.8250000000000001,3,0.0,0,0.2389570200573065,1,1,0,0,0,0
0.36,0.576,0.0487106017191976,0.96,5,83.9,1,0.3123553008595988,0,0,0,0,0,0
0.554,0.38,0.6131805157593122,0.375,10,0.0,0,0.4965902578796561,0,1,1,0,0,0
0.9200000000000002,0.156,0.7249283667621775,0.2299999999999999,1,0.0,0,0.4404641833810888,0,0,0,0,0,0
0.344,0.904,0.644699140401146,0.405,4,285.9,1,0.7743495702005729,0,0,0,0,0,0
0.3979999999999999,0.376,0.3753581661891115,0.265,7,0.0,0,0.3756790830945558,0,1,1,0,0,0
0.55,0.7160000000000001,0.8753581661891117,0.6150000000000001,19,0.0,0,0.7956790830945559,0,1,0,0,1,0
0.242,0.664,0.5558739255014326,0.71,16,0.0,0,0.6099369627507163,1,1,0,1,0,0
0.9300000000000002,0.612,0.6962750716332377,0.7050000000000001,20,0.0,0,0.6541375358166188,0,0,0,0,1,0
0.6840000000000002,0.404,0.0186246418338108,0.6950000000000001,22,0.0,0,0.2113123209169054,0,0,0,0,0,1
0.7,0.084,0.2936962750716332,0.63,2,0.0,0,0.1888481375358166,0,0,0,0,0,0
0.206,0.5159999999999999,0.1346704871060171,0.8900000000000001,16,0.0,0,0.3253352435530085,1,1,0,1,0,0
0.752,0.9519999999999998,0.0401146131805156,0.555,6,0.0,0,0.4960573065902577,0,0,1,0,0,0
0.2339999999999999,0.348,0.313753581661891,0.8400000000000001,23,0.0,0,0.3308767908309455,1,1,0,0,0,1
0.238,0.652,0.2048710601719197,0.0699999999999999,12,0.0,0,0.4284355300859598,1,1,0,1,0,0
0.4859999999999999,0.3400000000000001,0.0888252148997134,0.78,20,0.0,0,0.2144126074498567,0,1,0,0,1,0
0.808,0.7840000000000001,0.5143266475644698,0.3,3,0.0,0,0.649163323782235,0,0,0,0,0,0
0.73,0.08,0.6060171919770772,0.235,14,0.0,0,0.3430085959885386,0,1,0,1,0,0
0.79,0.5040000000000001,0.9641833810888252,0.535,16,0.0,0,0.7340916905444126,0,0,0,1,0,0
0.0839999999999999,0.28,0.8868194842406876,0.995,18,97.1,1,0.5834097421203438,1,0,0,0,1,0
0.474,0.2320000000000001,0.5386819484240687,0.165,16,70.3,1,0.3853409742120344,0,0,0,1,0,0
0.726,0.836,0.5873925501432664,0.395,12,0.0,0,0.7116962750716331,0,0,0,1,0,0
0.714,0.136,0.8180515759312319,0.1149999999999999,10,0.0,0,0.4770257879656159,0,1,1,0,0,0
0.8220000000000001,0.04,0.982808022922636,0.475,20,0.0,0,0.511404011461318,0,1,0,0,1,0
0.1579999999999999,0.068,0.2077363896848137,0.76,18,90.5,1,0.1378681948424069,1,0,0,0,1,0
0.78,0.18,0.3309455587392549,0.8900000000000001,13,0.0,0,0.2554727793696275,0,1,0,1,0,0
0.1599999999999999,0.0,0.6719197707736388,0.8500000000000001,23,106.7,1,0.3359598853868194,1,0,0,0,0,1
0.8500000000000001,0.1159999999999999,0.1776504297994268,0.975,15,0.0,0,0.1468252148997134,0,1,0,1,0,0
0.796,0.7160000000000001,0.0343839541547277,0.025,15,0.0,0,0.3751919770773639,0,0,0,1,0,0
0.6620000000000001,0.18,0.8237822349570199,0.06,11,0.0,0,0.5018911174785099,0,0,1,0,0,0
0.738,0.5080000000000001,0.160458452722063,0.515,10,0.0,0,0.3342292263610316,0,1,1,0,0,0
0.6359999999999999,0.1240000000000001,0.5773638968481374,0.925,17,0.0,0,0.3506819484240687,0,1,0,1,0,0
0.6599999999999999,0.2320000000000001,0.1103151862464182,0.265,8,0.0,0,0.1711575931232092,0,1,1,0,0,0
0.232,0.7919999999999999,0.6074498567335243,0.79,4,0.0,0,0.6997249283667621,1,1,0,0,0,0
0.6759999999999999,0.7559999999999999,0.5830945558739253,0.915,10,0.0,0,0.6695472779369627,0,1,1,0,0,0
0.0239999999999999,0.2159999999999999,0.1260744985673351,0.32,6,0.0,0,0.1710372492836675,1,1,1,0,0,0
0.2199999999999999,0.436,0.646131805157593,0.255,8,76.5,1,0.5410659025787965,1,0,1,0,0,0
0.5959999999999999,0.884,0.1002865329512893,0.9300000000000002,17,0.0,0,0.4921432664756446,0,1,0,1,0,0
0.734,0.412,0.6719197707736388,0.215,17,0.0,0,0.5419598853868195,0,1,0,1,0,0
0.562,0.008,0.3882521489971345,0.885,13,0.0,0,0.1981260744985672,0,1,0,1,0,0
0.444,0.8680000000000002,0.2936962750716332,0.29,11,81.2,1,0.5808481375358168,0,0,1,0,0,0
0.0439999999999999,0.7240000000000001,0.0587392550143265,0.08,2,187.4,1,0.3913696275071633,1,0,0,0,0,0
0.1679999999999999,0.5320000000000001,0.646131805157593,0.39,3,95.5,1,0.5890659025787965,1,0,0,0,0,0
0.36,0.048,0.4183381088825213,0.255,22,0.0,0,0.2331690544412606,0,1,0,0,0,1
0.392,0.5320000000000001,0.8452722063037246,0.4650000000000001,5,0.0,0,0.6886361031518624,0,1,0,0,0,0
0.908,0.38,0.8395415472779368,0.79,14,0.0,0,0.6097707736389684,0,1,0,1,0,0
0.91,0.7119999999999999,0.5286532951289397,0.32,13,0.0,0,0.6203266475644698,0,1,0,1,0,0
0.558,0.7719999999999999,0.7492836676217765,0.4650000000000001,1,0.0,0,0.7606418338108882,0,1,0,0,0,0
0.276,0.924,0.2693409742120343,0.7150000000000001,3,269.1,1,0.5966704871060171,1,0,0,0,0,0
0.988,0.276,0.2191977077363895,0.875,11,0.0,0,0.2475988538681948,0,0,1,0,0,0
0.194,0.068,0.7779369627507162,0.26,10,0.0,0,0.4229684813753581,1,1,1,0,0,0
0.9640000000000002,0.072,0.1876790830945558,0.7150000000000001,2,0.0,0,0.1298395415472779,0,0,0,0,0,0
0.6059999999999999,0.9080000000000004,0.2005730659025787,0.015,0,0.0,0,0.5542865329512895,0,0,0,0,0,0
0.354,0.7519999999999999,0.5859598853868193,1.0,2,0.0,0,0.6689799426934095,0,1,0,0,0,0
0.272,0.192,0.0487106017191976,0.915,3,0.0,0,0.1203553008595988,1,1,0,0,0,0
0.306,0.312,0.1045845272206302,0.585,12,114.1,1,0.2082922636103151,0,0,0,1,0,0
0.4979999999999999,0.5559999999999999,0.9985673352435528,0.145,2,148.0,1,0.7772836676217763,0,0,0,0,0,0
0.5,0.8240000000000002,0.1418338108882521,0.255,12,0.0,0,0.4829169054441261,0,1,0,1,0,0
0.366,0.7119999999999999,0.1991404011461317,0.1399999999999999,3,264.3,1,0.4555702005730658,0,0,0,0,0,0
0.304,0.16,0.5587392550143265,0.015,18,0.0,0,0.3593696275071633,0,1,0,0,1,0
0.8860000000000001,0.4,0.4183381088825213,0.7650000000000001,21,0.0,0,0.4091690544412606,0,1,0,0,1,0
0.1599999999999999,0.6,0.0730659025787965,0.43,23,84.1,1,0.3365329512893982,1,0,0,0,0,1
0.492,0.4959999999999999,0.7507163323782233,0.305,15,112.3,1,0.6233581661891117,0,0,0,1,0,0
0.366,0.608,0.4040114613180514,0.545,5,194.9,1,0.5060057306590258,0,0,0,0,0,0
0.206,0.4,0.8753581661891117,0.24,21,0.0,0,0.6376790830945558,1,1,0,0,1,0
0.8240000000000001,0.7680000000000001,0.156160458452722,0.015,0,0.0,0,0.462080229226361,0,0,0,0,0,0
0.98,0.1120000000000001,0.7263610315186244,0.5700000000000001,17,0.0,0,0.4191805157593122,0,1,0,1,0,0
0.9440000000000002,0.38,0.5916905444126073,0.16,21,0.0,0,0.4858452722063036,0,0,0,0,1,0
0.1579999999999999,0.3400000000000001,0.8395415472779368,0.195,22,60.7,1,0.5897707736389685,1,0,0,0,0,1
0.338,0.36,0.1633237822349569,0.5,17,0.0,0,0.2616618911174785,0,1,0,1,0,0
0.392,0.1,0.297994269340974,0.025,14,0.0,0,0.198997134670487,0,1,0,1,0,0
0.354,0.444,0.4670487106017191,0.665,14,0.0,0,0.4555243553008596,0,1,0,1,0,0
0.3679999999999999,0.968,0.2593123209169053,0.32,9,0.0,0,0.6136561604584527,0,1,1,0,0,0
0.956,0.5440000000000002,0.3252148997134669,0.075,15,0.0,0,0.4346074498567335,0,0,0,1,0,0
0.46,0.048,0.7005730659025786,0.8900000000000001,11,145.0,1,0.3742865329512893,0,0,1,0,0,0
0.53,0.996,0.8452722063037246,0.545,23,0.0,0,0.9206361031518624,0,1,0,0,0,1
0.2799999999999999,0.32,0.8510028653295127,0.81,1,0.0,0,0.5855014326647564,1,1,0,0,0,0
0.418,0.94,0.8022922636103149,0.47,21,0.0,0,0.8711461318051574,0,1,0,0,1,0
0.732,0.072,0.948424068767908,0.075,19,0.0,0,0.510212034383954,0,1,0,0,1,0
0.346,0.932,0.5286532951289397,0.76,9,0.0,0,0.7303266475644699,0,1,1,0,0,0
0.6159999999999999,0.5080000000000001,0.3825214899713466,0.5650000000000001,15,0.0,0,0.4452607449856733,0,0,0,1,0,0
0.6499999999999999,0.044,0.9512893982808022,0.66,8,0.0,0,0.4976446991404011,0,1,1,0,0,0
0.298,0.7440000000000001,0.6848137535816619,0.315,11,238.4,1,0.7144068767908309,1,0,1,0,0,0
0.2039999999999999,0.5599999999999999,0.0114613180515758,0.51,21,0.0,0,0.2857306590257878,1,1,0,0,1,0
0.504,0.7559999999999999,0.2478510028653294,0.5700000000000001,13,111.1,1,0.5019255014326647,0,0,0,1,0,0
0.07,0.3359999999999999,0.7077363896848136,0.7050000000000001,13,0.0,0,0.5218681948424068,1,1,0,1,0,0
0.2079999999999999,0.7200000000000001,0.5472779369627505,0.5650000000000001,14,0.0,0,0.6336389684813752,1,1,0,1,0,0
0.006,0.632,0.1160458452722062,0.99,15,0.0,0,0.3740229226361031,1,1,0,1,0,0
0.688,0.936,0.2363896848137535,0.24,21,0.0,0,0.5861948424068768,0,0,0,0,1,0
0.936,0.028,0.3395415472779368,0.96,4,0.0,0,0.1837707736389684,0,1,0,0,0,0
0.6100000000000001,0.1959999999999999,0.0988538681948423,0.24,11,0.0,0,0.1474269340974211,0,0,1,0,0,0
0.0239999999999999,0.148,0.965616045845272,0.915,2,0.0,0,0.556808022922636,1,1,0,0,0,0
0.5920000000000001,0.4720000000000001,0.3381088825214899,0.345,4,145.8,1,0.405054441260745,0,0,0,0,0,0
0.036,0.448,0.478510028653295,0.985,1,91.7,1,0.4632550143266475,1,0,0,0,0,0
0.4879999999999999,0.3920000000000001,0.3065902578796561,0.6900000000000001,9,78.2,1,0.3492951289398281,0,0,1,0,0,0
0.9640000000000002,0.08,0.4914040114613179,0.8900000000000001,17,0.0,0,0.285702005730659,0,0,0,1,0,0
0.738,0.984,0.0759312320916905,0.325,0,0.0,0,0.5299656160458452,0,1,0,0,0,0
0.5980000000000001,0.184,0.2134670487106016,0.385,6,149.9,1,0.1987335243553008,0,0,1,0,0,0
0.6520000000000001,0.168,0.3982808022922635,0.6000000000000001,5,0.0,0,0.2831404011461317,0,1,0,0,0,0
0.6259999999999999,0.4680000000000001,0.0859598853868194,0.71,2,0.0,0,0.2769799426934097,0,1,0,0,0,0
0.912,0.036,0.2206303724928365,0.48,15,0.0,0,0.1283151862464183,0,0,0,1,0,0
0.8220000000000001,0.4720000000000001,0.4541547277936961,0.8900000000000001,2,0.0,0,0.4630773638968481,0,0,0,0,0,0
0.2239999999999999,0.8240000000000002,0.7521489971346702,0.585,4,297.1,1,0.7880744985673351,1,0,0,0,0,0
0.718,0.1959999999999999,0.9670487106017188,0.395,6,0.0,0,0.5815243553008594,0,1,1,0,0,0
0.3639999999999999,0.072,0.4584527220630371,0.925,13,72.0,1,0.2652263610315186,0,0,0,1,0,0
0.142,0.4680000000000001,0.4183381088825213,0.045,2,0.0,0,0.4431690544412607,1,1,0,0,0,0
0.3579999999999999,0.3520000000000001,0.2464183381088823,0.925,21,135.2,1,0.2992091690544412,0,0,0,0,1,0
0.1079999999999999,0.8440000000000002,0.1189111747851002,0.81,12,0.0,0,0.4814555873925502,1,1,0,1,0,0
0.8140000000000001,0.1320000000000001,0.6475644699140399,0.375,6,0.0,0,0.38978223495702,0,0,1,0,0,0
0.956,0.436,0.7005730659025786,0.975,14,0.0,0,0.5682865329512894,0,1,0,1,0,0
0.232,0.98,0.4999999999999999,0.8,0,258.4,1,0.74,1,0,0,0,0,0
0.35,0.2159999999999999,0.146131805157593,0.47,2,0.0,0,0.1810659025787965,0,1,0,0,0,0
0.174,0.06,0.5630372492836675,0.91,11,0.0,0,0.3115186246418338,1,1,1,0,0,0
0.346,0.3440000000000001,0.2120343839541546,0.4,1,89.3,1,0.2780171919770773,0,0,0,0,0,0
0.968,0.984,0.0415472779369627,0.945,1,0.0,0,0.5127736389684814,0,1,0,0,0,0
0.728,0.1120000000000001,0.0616045845272205,0.6000000000000001,21,0.0,0,0.0868022922636103,0,1,0,0,1,0
0.1639999999999999,0.6880000000000001,0.992836676217765,0.02,2,197.4,1,0.8404183381088826,1,0,0,0,0,0
0.6559999999999999,0.664,0.5114613180515758,0.025,15,0.0,0,0.5877306590257879,0,1,0,1,0,0
0.5920000000000001,0.628,0.8309455587392547,0.1149999999999999,17,113.2,1,0.7294727793696274,0,0,0,1,0,0
0.996,0.128,0.8624641833810887,0.8300000000000001,1,0.0,0,0.4952320916905443,0,0,0,0,0,0
0.292,0.596,0.156160458452722,0.63,6,89.2,1,0.376080229226361,1,0,1,0,0,0
0.346,0.88,0.0630372492836675,0.09,15,0.0,0,0.4715186246418338,0,1,0,1,0,0
0.6479999999999999,0.7400000000000001,0.3839541547277936,0.275,20,0.0,0,0.5619770773638968,0,0,0,0,1,0
0.244,0.02,0.9842406876790828,0.235,11,133.3,1,0.5021203438395414,1,0,1,0,0,0
0.5820000000000001,0.1440000000000001,0.2836676217765042,0.085,22,101.1,1,0.2138338108882521,0,0,0,0,0,1
0.132,0.5080000000000001,0.8209169054441259,0.605,17,92.6,1,0.6644584527220629,1,0,0,1,0,0
0.764,0.4640000000000001,0.2421203438395415,0.42,6,0.0,0,0.3530601719197708,0,0,1,0,0,0
0.734,0.672,0.9126074498567334,0.9,2,0.0,0,0.7923037249283666,0,1,0,0,0,0
0.49,0.456,0.4527220630372491,0.37,4,0.0,0,0.4543610315186246,0,1,0,0,0,0
0.72,0.9080000000000004,0.0315186246418338,0.68,11,0.0,0,0.469759312320917,0,0,1,0,0,0
0.71,0.1759999999999999,0.0587392550143265,0.205,18,0.0,0,0.1173696275071632,0,1,0,0,1,0
0.166,0.052,0.3467048710601718,0.645,19,0.0,0,0.1993524355300859,1,1,0,0,1,0
0.754,0.904,0.5616045845272205,0.78,22,0.0,0,0.7328022922636103,0,0,0,0,0,1
0.784,0.32,0.8853868194842405,0.8900000000000001,2,0.0,0,0.6026934097421203,0,1,0,0,0,0
0.52,0.356,0.80945558739255,0.355,2,0.0,0,0.5827277936962749,0,1,0,0,0,0
0.73,0.396,0.0573065902578796,0.365,7,0.0,0,0.2266532951289398,0,0,1,0,0,0
0.6120000000000001,0.6919999999999998,0.9126074498567334,0.7200000000000001,4,0.0,0,0.8023037249283667,0,1,0,0,0,0
0.6499999999999999,0.8480000000000002,0.2363896848137535,1.0,5,0.0,0,0.5421948424068769,0,0,0,0,0,0
0.2079999999999999,0.0879999999999999,0.6203438395415471,0.295,18,132.5,1,0.3541719197707735,1,0,0,0,1,0
0.1579999999999999,0.5200000000000001,0.7349570200573066,0.06,17,118.0,1,0.6274785100286533,1,0,0,1,0,0
0.452,0.7000000000000001,0.5988538681948422,0.92,8,0.0,0,0.6494269340974211,0,1,1,0,0,0
0.752,0.9,0.4283667621776503,0.44,18,0.0,0,0.6641833810888251,0,0,0,0,1,0
0.8600000000000001,0.856,0.0759312320916905,0.8650000000000001,9,0.0,0,0.4659656160458452,0,0,1,0,0,0
0.424,0.7280000000000001,0.4627507163323781,0.245,5,0.0,0,0.5953753581661891,0,1,0,0,0,0
0.0019999999999999,0.644,0.8982808022922635,0.76,15,207.4,1,0.7711404011461318,1,0,0,1,0,0
0.0119999999999999,0.612,0.6146131805157592,0.6150000000000001,7,0.0,0,0.6133065902578796,1,1,1,0,0,0
0.78,0.5240000000000001,0.5372492836676217,0.185,8,0.0,0,0.530624641833811,0,1,1,0,0,0
1.0,0.148,0.7636103151862463,0.315,13,0.0,0,0.4558051575931232,0,1,0,1,0,0
0.474,0.136,0.6002865329512893,0.6900000000000001,12,0.0,0,0.3681432664756446,0,1,0,1,0,0
0.0979999999999999,0.6880000000000001,0.6575931232091689,0.0,21,197.7,1,0.6727965616045845,1,0,0,0,1,0
0.9840000000000002,0.3840000000000001,0.0343839541547277,0.205,12,0.0,0,0.2091919770773639,0,1,0,1,0,0
0.328,0.292,0.148997134670487,0.5750000000000001,2,101.7,1,0.2204985673352435,0,0,0,0,0,0
0.3959999999999999,0.032,0.992836676217765,0.905,9,0.0,0,0.5124183381088825,0,1,1,0,0,0
